2016-09-16,1568444.61,2139.16
2016-09-19,1573457.40,2139.12
2016-09-20,1579253.09,2139.76
2016-09-21,1596510.93,2163.12
2016-09-22,1597856.42,2177.18
2016-09-23,1582060.40,2164.69
2016-09-26,1572484.90,2146.10
2016-09-27,1581929.22,2159.93
2016-09-28,1589760.64,2171.37
2016-09-29,1635872.78,2151.13
2016-09-30,1646743.92,2168.27
2016-10-03,1642165.42,2161.20
2016-10-04,1641260.92,2150.49
2016-10-05,1640563.53,2159.73
2016-10-06,1630106.68,2160.77
2016-10-07,1621705.21,2153.74
2016-10-10,1629092.17,2163.66
2016-10-11,1610115.28,2136.73
2016-10-12,1613471.78,2139.18
2016-10-13,1607400.19,2132.55
2016-10-14,1608229.98,2132.98
2016-10-17,1608559.16,2126.50
2016-10-18,1622762.90,2139.60
2016-10-19,1616162.19,2144.29
2016-10-20,1614555.22,2141.34
2016-10-21,1614162.45,2141.16
2016-10-24,1616795.47,2151.33
2016-10-25,1523417.00,2143.16
2016-10-26,1521132.82,2139.43
2016-10-27,1516007.02,2133.04
2016-10-28,1522173.63,2126.41
2016-10-31,1520559.27,2126.15
2016-11-01,1505816.56,2111.72
2016-11-02,1496410.41,2097.94
2016-11-03,1495231.85,2088.66
2016-11-04,1485952.24,2085.18
2016-11-07,1507401.38,2131.52
2016-11-08,1514522.16,2139.56
2016-11-09,1519556.60,2163.26
2016-11-10,1501152.46,2167.48
2016-11-11,1495634.75,2164.45
2016-11-14,1492727.09,2164.20
2016-11-15,1491114.62,2180.39
2016-11-16,1492660.91,2176.94
2016-11-17,1506094.79,2187.12
2016-11-18,1841824.73,2181.90
2016-11-21,1843369.97,2198.18
2016-11-22,1833027.57,2202.94
2016-11-23,1817436.63,2204.72
2016-11-24,1817436.63,NULL
2016-11-25,1835641.56,2213.35
2016-11-28,1803062.88,2201.72
2016-11-29,1804236.42,2204.66
2016-11-30,1797319.51,2198.81
2016-12-01,1791472.71,2191.08
2016-12-02,1796792.12,2191.95
2016-12-05,1802190.55,2204.71
2016-12-06,1844804.88,2212.23
2016-12-07,1880452.13,2241.35
2016-12-08,1823034.12,2246.19
2016-12-09,1834888.69,2259.53
2016-12-12,1826750.02,2256.96
2016-12-13,1846196.88,2271.72
2016-12-14,1825488.09,2253.28
2016-12-15,1815305.84,2262.03
2016-12-16,1834160.40,2258.07
2016-12-19,1830995.17,2262.53
2016-12-20,1824740.39,2270.76
2016-12-21,1907060.88,2265.18
2016-12-22,1903699.56,2260.96
2016-12-23,1900969.55,2263.79
2016-12-27,1896850.41,2268.88
2016-12-28,1884086.94,2249.92
2016-12-29,1890086.31,2249.26
2016-12-30,1885929.55,2238.83
2017-01-02,1885929.55,NULL
2017-01-03,1914644.65,2257.83
2017-01-04,1940740.95,2270.75
2017-01-05,1969445.28,2269.00
2017-01-06,1969661.93,2276.98
2017-01-09,1941089.73,2268.90
2017-01-10,1957089.22,2268.90
2017-01-11,1976401.54,2275.32
2017-01-12,1981826.98,2270.44
2017-01-13,1978006.69,2274.64
2017-01-16,1978006.69,NULL
2017-01-17,1929607.04,2267.89
2017-01-18,1927574.22,2271.89
2017-01-19,1917628.59,2263.69
2017-01-20,1923271.41,2271.31
2017-01-23,1927552.38,2265.20
2017-01-24,1916878.19,2280.07
2017-01-25,1901285.65,2298.37
2017-01-26,1893820.09,2296.68
2017-01-27,1889769.67,2294.69
2017-01-30,1895963.69,2280.90
2017-01-31,1893694.95,2278.87
2017-02-01,1885521.11,2279.55
2017-02-02,1883985.08,2280.85
2017-02-03,1894984.67,2297.42
2017-02-06,1881426.66,2292.56
2017-02-07,1881471.53,2293.08
2017-02-08,1900413.87,2294.67
2017-02-09,1921641.19,2307.87
2017-02-10,1910219.46,2316.10
2017-02-13,1915320.95,2328.25
2017-02-14,1916922.53,2337.58
2017-02-15,1927297.55,2349.25
2017-02-16,1932509.77,2347.22
2017-02-17,1941906.11,2351.16
2017-02-20,1941906.11,NULL
2017-02-21,1960189.47,2365.38
2017-02-22,1960444.10,2362.82
2017-02-23,1973948.80,2363.81
2017-02-24,1971419.52,2367.34
2017-02-27,1961012.13,2369.75
2017-02-28,1963195.55,2363.64
2017-03-01,1974481.72,2395.96
2017-03-02,1966081.01,2381.92
2017-03-03,1969409.51,2383.12
2017-03-06,1960237.20,2375.31
2017-03-07,1953142.64,2368.39
2017-03-08,1950051.59,2362.98
2017-03-09,1954606.86,2364.87
2017-03-10,1957911.92,2372.60
2017-03-13,1961184.59,2373.47
2017-03-14,1954219.03,2365.45
2017-03-15,1986709.15,2385.26
2017-03-16,2006606.79,2381.38
2017-03-17,2008505.99,2378.25
2017-03-20,2003493.10,2373.47
2017-03-21,1990754.28,2344.02
2017-03-22,1990190.44,2348.45
2017-03-23,2001411.22,2345.96
2017-03-24,2002533.66,2343.98
2017-03-27,2001696.54,2341.59
2017-03-28,1997101.99,2358.57
2017-03-29,1995316.20,2361.13
2017-03-30,1991676.10,2368.06
2017-03-31,1987251.15,2362.72
2017-04-03,1982382.20,2358.84
2017-04-04,1975461.68,2360.16
2017-04-05,1968312.57,2352.95
2017-04-06,1959105.47,2357.49
2017-04-07,1948593.23,2355.54
2017-04-10,1954282.91,2357.16
2017-04-11,1958666.71,2353.78
2017-04-12,1964437.92,2344.93
2017-04-13,1949525.87,2328.95
2017-04-17,1966948.78,2349.01
2017-04-18,1970046.56,2342.19
2017-04-19,1959333.92,2338.17
2017-04-20,1964666.97,2355.84
2017-04-21,1954391.68,2348.69
2017-04-24,1989851.11,2374.15
2017-04-25,1995588.60,2388.61
2017-04-26,1994669.60,2387.45
2017-04-27,1992929.29,2388.77
2017-04-28,1977313.63,2384.20
2017-05-01,1981072.14,2388.33
2017-05-02,1994866.85,2391.17
2017-05-03,1996578.96,2388.13
2017-05-04,2010682.51,2389.52
2017-05-05,2022520.55,2399.29
2017-05-08,2018813.40,2399.38
2017-05-09,2014749.59,2396.92
2017-05-10,2023123.60,2399.63
2017-05-11,2014175.83,2394.44
2017-05-12,2036630.54,2390.90
2017-05-15,2040745.20,2402.32
2017-05-16,2085273.68,2400.67
2017-05-17,2079966.91,2357.03
2017-05-18,2087886.37,2365.72
2017-05-19,2106280.35,2381.73
2017-05-22,2137032.90,2394.02
2017-05-23,2129854.67,2398.42
2017-05-24,2139889.34,2404.39
2017-05-25,2149852.95,2415.07
2017-05-26,2152214.25,2415.82
2017-05-29,2152214.25,NULL
2017-05-30,2142594.57,2412.91
2017-05-31,2156680.90,2411.80
2017-06-01,2158065.06,2430.06
2017-06-02,2164217.25,2439.07
2017-06-05,2163624.98,2436.10
2017-06-06,2160753.44,2429.33
2017-06-07,2119828.32,2433.14
2017-06-08,2101512.48,2433.79
2017-06-09,2096249.45,2431.77
2017-06-12,2112092.59,2429.39
2017-06-13,2118042.85,2440.35
2017-06-14,2115097.49,2437.92
2017-06-15,2105918.63,2432.46
2017-06-16,2116186.16,2433.15
2017-06-19,2121834.95,2453.46
2017-06-20,2104459.73,2437.03
2017-06-21,2125608.00,2435.61
2017-06-22,2128974.87,2434.50
2017-06-23,2132161.22,2438.30
2017-06-26,2135332.29,2439.07
2017-06-27,2129775.83,2419.38
2017-06-28,2151531.72,2440.69
2017-06-29,2134998.59,2419.70
2017-06-30,2134030.62,2423.41
2017-07-03,2136056.25,2429.01
2017-07-04,2136056.25,NULL
2017-07-05,2132058.30,2432.54
2017-07-06,2076362.18,2409.75
2017-07-07,2084071.00,2425.18
2017-07-10,2084600.74,2427.43
2017-07-11,2069387.36,2425.53
2017-07-12,2094986.67,2443.25
2017-07-13,2101791.67,2447.83
2017-07-14,2106618.25,2459.27
2017-07-17,2110944.54,2459.14
2017-07-18,2108670.81,2460.61
2017-07-19,2120881.49,2473.83
2017-07-20,2128883.98,2473.45
2017-07-21,2136240.21,2472.54
2017-07-24,2117313.66,2469.91
2017-07-25,2118408.21,2477.13
2017-07-26,2150620.32,2477.83
2017-07-27,2162386.38,2475.42
2017-07-28,2154932.68,2472.10
2017-07-31,2160870.88,2470.30
2017-08-01,2167670.36,2476.35
2017-08-02,2169728.35,2477.57
2017-08-03,2169926.14,2472.16
2017-08-04,2177613.85,2476.83
2017-08-07,2182861.86,2480.91
2017-08-08,2165546.28,2474.92
2017-08-09,2173644.65,2474.02
2017-08-10,2138858.31,2438.21
2017-08-11,2127265.75,2441.32
2017-08-14,2160604.25,2465.84
2017-08-15,2152283.75,2464.61
2017-08-16,2155979.94,2468.11
2017-08-17,2127651.67,2430.01
2017-08-18,2125843.51,2425.55
2017-08-21,2134357.87,2428.37
2017-08-22,2147472.49,2452.51
2017-08-23,2138855.72,2444.04
2017-08-24,2129542.73,2438.97
2017-08-25,2137551.65,2443.05
2017-08-28,2136362.18,2444.24
2017-08-29,2128378.69,2446.30
2017-08-30,2145181.75,2457.59
2017-08-31,2157528.63,2471.65
2017-09-01,2153504.97,2476.55
2017-09-04,2153504.97,NULL
2017-09-05,2127103.58,2457.85
2017-09-06,2136290.36,2465.54
2017-09-07,2136466.61,2465.10
2017-09-08,2136509.13,2461.43
2017-09-11,2167934.99,2488.11
2017-09-12,2168477.59,2496.48
2017-09-13,2165095.19,2498.37
2017-09-14,2159636.03,2495.62
2017-09-15,2158305.61,2500.23
2017-09-18,2166037.74,2503.87
2017-09-19,2176859.89,2506.65
2017-09-20,2174412.85,2508.24
2017-09-21,2163448.91,2500.60
2017-09-22,2159027.61,2502.22
2017-09-25,2155396.16,2496.66
2017-09-26,2152184.60,2496.84
2017-09-27,2150497.99,2507.04
2017-09-28,2142525.62,2510.06
2017-09-29,2157612.36,2519.36
2017-10-02,2158323.27,2529.12
2017-10-03,2163650.22,2534.58
2017-10-04,2155606.93,2537.74
2017-10-05,2161522.09,2552.07
2017-10-06,2158330.65,2549.33
2017-10-09,2158615.30,2544.73
2017-10-10,2186849.82,2550.64
2017-10-11,2195580.07,2555.24
2017-10-12,2201886.78,2550.93
2017-10-13,2209458.96,2553.17
2017-10-16,2204835.32,2557.64
2017-10-17,2203056.67,2559.36
2017-10-18,2203598.27,2561.26
2017-10-19,2194752.38,2562.10
2017-10-20,2202266.68,2575.21
2017-10-23,2198138.75,2564.98
2017-10-24,2196774.15,2569.13
2017-10-25,2190988.96,2557.15
2017-10-26,2192212.01,2560.40
2017-10-27,2191725.12,2581.07
2017-10-30,2191238.49,2572.83
2017-10-31,2200969.36,2575.26
2017-11-01,2212255.01,2579.36
2017-11-02,2218136.97,2579.85
2017-11-03,2206015.97,2587.84
2017-11-06,2207065.05,2591.13
2017-11-07,2196157.94,2590.64
2017-11-08,2189861.39,2594.38
2017-11-09,2217815.80,2584.62
2017-11-10,2207377.15,2582.30
2017-11-13,2190948.50,2584.84
2017-11-14,2249335.82,2578.87
2017-11-15,2251297.89,2564.62
2017-11-16,2255746.61,2585.64
2017-11-17,2265314.26,2578.85
2017-11-20,2265309.54,2582.14
2017-11-21,2269670.02,2599.03
2017-11-22,2249140.38,2597.08
2017-11-23,2249140.38,NULL
2017-11-24,2259874.10,2602.42
2017-11-27,2254658.21,2601.42
2017-11-28,2273443.65,2627.04
2017-11-29,2359650.91,2626.07
2017-11-30,2371994.43,2647.58
2017-12-01,2372550.10,2642.22
2017-12-04,2375887.02,2639.44
2017-12-05,2408568.85,2629.57
2017-12-06,2416956.69,2629.27
2017-12-07,2440213.64,2636.98
2017-12-08,2450741.47,2651.50
2017-12-11,2452833.82,2659.99
2017-12-12,2460940.49,2664.11
2017-12-13,2460668.98,2662.85
2017-12-14,2453386.00,2652.01
2017-12-15,2457283.59,2675.81
2017-12-18,2504336.36,2690.16
2017-12-19,2498442.19,2681.47
2017-12-20,2487143.77,2679.25
2017-12-21,2506834.44,2684.57
2017-12-22,2512482.30,2683.34
2017-12-26,2511352.27,2680.50
2017-12-27,2599856.73,2682.62
2017-12-28,2609762.16,2687.54
2017-12-29,2605574.32,2673.61
2018-01-02,2627801.66,2695.81
2018-01-03,2625947.03,2713.06
2018-01-04,2645809.05,2723.99
2018-01-05,2669636.70,2743.15
2018-01-08,2674885.34,2747.71
2018-01-09,2672040.32,2751.29
2018-01-10,2640003.11,2748.23
2018-01-11,2630380.47,2767.56
2018-01-12,2658835.43,2786.24
2018-01-15,2658835.43,NULL
2018-01-16,2672358.47,2776.42
2018-01-17,2650785.96,2802.56
2018-01-18,2659090.06,2798.03
2018-01-19,2666066.90,2810.30
2018-01-22,2696910.22,2832.97
2018-01-23,2715392.91,2839.13
2018-01-24,2722059.32,2837.54
2018-01-25,2713690.82,2839.25
2018-01-26,2738660.52,2872.87
2018-01-29,2714107.09,2853.53
2018-01-30,2703434.02,2822.43
2018-01-31,2719984.08,2823.81
2018-02-01,2657471.58,2821.98
2018-02-02,2632103.24,2762.13
2018-02-05,2498931.58,2648.94
2018-02-06,2546290.27,2695.14
2018-02-07,2525075.72,2681.66
2018-02-08,2440986.32,2581.00
2018-02-09,2472023.46,2619.55
2018-02-12,2489092.85,2656.00
2018-02-13,2488166.88,2662.94
2018-02-14,2517224.06,2698.63
2018-02-15,2541571.83,2731.20
2018-02-16,2544413.10,2732.22
2018-02-19,2544413.10,NULL
2018-02-20,2525732.75,2716.26
2018-02-21,2500937.25,2701.33
2018-02-22,2506601.85,2703.96
2018-02-23,2552441.87,2747.30
2018-02-26,2577006.24,2779.60
2018-02-27,2536486.65,2744.28
2018-02-28,2547257.64,2713.83
2018-03-01,2511859.69,2677.67
2018-03-02,2521949.79,2691.25
2018-03-05,2550895.51,2720.94
2018-03-06,2564126.50,2728.12
2018-03-07,2481208.70,2726.80
2018-03-08,2497195.65,2738.97
2018-03-09,2525085.40,2786.57
2018-03-12,2525381.18,2783.02
2018-03-13,2496593.46,2765.31
2018-03-14,2498696.67,2749.48
2018-03-15,2495999.31,2747.33
2018-03-16,2498252.41,2752.01
2018-03-19,2550444.47,2712.92
2018-03-20,2543848.44,2716.94
2018-03-21,2539792.54,2711.93
2018-03-22,2466725.28,2643.69
2018-03-23,2436943.36,2588.26
2018-03-26,2495269.02,2658.55
2018-03-27,2454699.40,2612.62
2018-03-28,2462054.89,2605.00
2018-03-29,2488897.11,2640.87
2018-04-02,2442017.29,2581.88
2018-04-03,2460018.15,2614.45
2018-04-04,2492896.11,2644.69
2018-04-05,2521181.53,2662.84
2018-04-06,2495326.37,2604.47
2018-04-09,2506736.29,2613.16
2018-04-10,2548554.29,2656.87
2018-04-11,2535276.73,2642.19
2018-04-12,2554042.48,2663.99
2018-04-13,2546876.73,2656.30
2018-04-16,2560647.33,2677.84
2018-04-17,2569721.99,2706.39
2018-04-18,2562268.91,2708.64
2018-04-19,2537278.72,2693.13
2018-04-20,2513436.11,2670.14
2018-04-23,2519031.57,2670.29
2018-04-24,2494878.55,2634.56
2018-04-25,2481699.04,2639.40
2018-04-26,2507160.86,2666.94
2018-04-27,2500329.51,2669.91
2018-04-30,2492418.34,2648.05
2018-05-01,2484184.29,2654.80
2018-05-02,2478115.67,2635.67
2018-05-03,2475196.46,2629.73
2018-05-04,2494285.33,2663.42
2018-05-07,2508570.45,2672.63
2018-05-08,2498352.50,2671.92
2018-05-09,2523472.90,2697.79
2018-05-10,2534426.41,2723.07
2018-05-11,2526810.07,2727.72
2018-05-14,2517011.59,2730.13
2018-05-15,2545596.09,2711.45
2018-05-16,2535048.64,2722.46
2018-05-17,2528969.92,2720.13
2018-05-18,2513644.60,2712.97
2018-05-21,2526427.97,2733.01
2018-05-22,2539096.62,2724.44
2018-05-23,2523236.01,2733.29
2018-05-24,2508541.10,2727.76
2018-05-25,2498725.05,2721.33
2018-05-28,2498725.05,NULL
2018-05-29,2465606.06,2689.86
2018-05-30,2493953.60,2724.01
2018-05-31,2468915.90,2705.27
2018-06-01,2494312.17,2734.62
2018-06-04,2511073.65,2746.87
2018-06-05,2500431.05,2748.80
2018-06-06,2518250.33,2772.35
2018-06-07,2459536.85,2770.37
2018-06-08,2472425.68,2779.03
2018-06-11,2479022.02,2782.00
2018-06-12,2481971.57,2786.85
2018-06-13,2456750.08,2775.63
2018-06-14,2472636.85,2782.49
2018-06-15,2461642.84,2779.66
2018-06-18,2447228.58,2773.75
2018-06-19,2440743.92,2762.59
2018-06-20,2445595.29,2767.32
2018-06-21,2428169.48,2749.76
2018-06-22,2449020.37,2754.88
2018-06-25,2404907.07,2717.07
2018-06-26,2398379.65,2723.06
2018-06-27,2372269.36,2699.63
2018-06-28,2396692.70,2716.31
2018-06-29,2391900.25,2718.37
2018-07-02,2393234.46,2726.71
2018-07-03,2400149.89,2713.22
2018-07-04,2400149.89,NULL
2018-07-05,2434417.85,2736.61
2018-07-06,2456731.27,2759.82
2018-07-09,2464734.73,2784.17
2018-07-10,2466948.98,2793.84
2018-07-11,2425162.05,2774.02
2018-07-12,2437384.05,2798.29
2018-07-13,2429218.61,2801.31
2018-07-16,2436893.59,2798.43
2018-07-17,2435627.01,2809.55
2018-07-18,2436753.55,2815.62
2018-07-19,2410966.30,2804.49
2018-07-20,2422311.27,2801.83
2018-07-23,2428692.32,2806.98
2018-07-24,2441759.41,2820.40
2018-07-25,2456969.37,2846.07
2018-07-26,2448502.73,2837.44
2018-07-27,2452278.91,2818.82
2018-07-30,2487165.40,2802.60
2018-07-31,2477097.66,2816.29
2018-08-01,2471652.14,2813.36
2018-08-02,2449951.22,2827.22
2018-08-03,2475177.62,2840.35
2018-08-06,2475175.27,2850.40
2018-08-07,2388844.66,2858.45
2018-08-08,2383463.79,2857.70
2018-08-09,2378221.29,2853.58
2018-08-10,2347119.33,2833.28
2018-08-13,2327734.42,2821.93
2018-08-14,2317919.98,2839.96
2018-08-15,2291684.83,2818.37
2018-08-16,2309403.83,2840.69
2018-08-17,2314821.83,2850.13
2018-08-20,2330838.51,2857.05
2018-08-21,2337092.47,2862.96
2018-08-22,2346830.23,2861.82
2018-08-23,2328208.81,2856.98
2018-08-24,2335394.76,2874.69
2018-08-27,2360492.23,2896.74
2018-08-28,2348671.36,2897.52
2018-08-29,2355971.67,2914.04
2018-08-30,2302481.87,2901.13
2018-08-31,2377351.61,2901.52
2018-09-03,2377351.61,NULL
2018-09-04,2356919.14,2896.72
2018-09-05,2352149.66,2888.60
2018-09-06,2357118.23,2878.05
2018-09-07,2355099.36,2871.68
2018-09-10,2350629.30,2877.13
2018-09-11,2358337.89,2887.89
2018-09-12,2371919.98,2888.92
2018-09-13,2391466.96,2904.18
2018-09-14,2388474.43,2904.98
2018-09-17,2382752.35,2888.80
2018-09-18,2389518.05,2904.31
2018-09-19,2401512.02,2907.95
2018-09-20,2424310.27,2930.75
2018-09-21,2429708.54,2929.67
2018-09-24,2408547.52,2919.37
2018-09-25,2402080.88,2915.56
2018-09-26,2385389.73,2905.97
2018-09-27,2388343.60,2914.00
2018-09-28,2185035.77,2913.98
2018-10-01,2176016.04,2924.59
2018-10-02,2164975.24,2923.43
2018-10-03,2173098.46,2925.51
2018-10-04,2163942.48,2901.61
2018-10-05,2153822.04,2885.57
2018-10-08,2130840.09,2884.43
2018-10-09,2104857.28,2880.34
2018-10-10,2070263.38,2785.68
2018-10-11,2037702.87,2728.37
2018-10-12,2052766.25,2767.13
2018-10-15,2059588.24,2750.79
2018-10-16,2088498.35,2809.92
2018-10-17,2084951.97,2809.21
2018-10-18,2058734.33,2768.78
2018-10-19,2080721.19,2767.78
2018-10-22,2050850.56,2755.88
2018-10-23,2034958.79,2740.69
2018-10-24,2070390.45,2656.10
2018-10-25,2100962.73,2705.57
2018-10-26,2077244.80,2658.69
2018-10-29,2073914.74,2641.25
2018-10-30,2096909.39,2682.63
2018-10-31,1483752.12,2711.74
2018-11-01,1503133.64,2740.37
2018-11-02,1491704.49,2723.06
2018-11-05,1511019.43,2738.31
2018-11-06,1520327.31,2755.45
2018-11-07,1546213.70,2813.89
2018-11-08,1544082.02,2806.83
2018-11-09,1531558.43,2781.01
2018-11-12,1506092.14,2726.22
2018-11-13,1512509.57,2722.18
2018-11-14,1502911.27,2701.58
2018-11-15,1520599.54,2730.20
2018-11-16,1525838.44,2736.27
2018-11-19,1512597.27,2690.73
2018-11-20,1486593.44,2641.89
2018-11-21,1486645.61,2649.93
2018-11-22,1486645.61,NULL
2018-11-23,1479576.25,2632.56
2018-11-26,1499363.86,2673.45
2018-11-27,1510893.13,2682.17
2018-11-28,1538264.12,2743.79
2018-11-29,1529935.17,2737.80
2018-11-30,1540703.54,2760.17
2018-12-03,1557789.61,2790.37
2018-12-04,1504855.99,2700.06
2018-12-05,1504855.99,NULL
2018-12-06,1496282.11,2695.95
2018-12-07,1468959.99,2633.08
2018-12-10,1462405.29,2637.72
2018-12-11,1463797.87,2636.78
2018-12-12,1465309.31,2651.07
2018-12-13,1469751.91,2650.54
2018-12-14,1441824.26,2599.95
2018-12-17,1441985.11,2545.94
2018-12-18,1433511.70,2546.16
2018-12-19,1409324.95,2506.96
2018-12-20,1397427.10,2467.42
2018-12-21,1374015.33,2416.62
2018-12-24,1345588.97,2351.10
2018-12-26,1399985.79,2467.70
2018-12-27,1407627.57,2488.83
2018-12-28,1413778.78,2485.74
2018-12-31,1418889.41,2506.85
2019-01-02,1412467.27,2510.03
2019-01-03,1376736.19,2447.89
2019-01-04,1426957.78,2531.94
2019-01-07,1430854.97,2549.69
2019-01-08,1440637.45,2574.41
2019-01-09,1449866.98,2584.96
2019-01-10,1454498.72,2596.64
2019-01-11,1454637.62,2596.26
2019-01-14,1447832.57,2582.61
2019-01-15,1460541.08,2610.30
2019-01-16,1476211.83,2616.10
2019-01-17,1488466.89,2635.96
2019-01-18,1508708.00,2670.71
2019-01-21,1508708.00,NULL
2019-01-22,1487018.42,2632.90
2019-01-23,1491063.67,2638.70
2019-01-24,1493380.53,2642.33
2019-01-25,1502855.22,2664.76
2019-01-28,1501394.98,2643.85
2019-01-29,1500529.05,2640.00
2019-01-30,1525719.95,2681.05
2019-01-31,1422397.99,2704.10
2019-02-01,1424083.45,2706.53
2019-02-04,1429605.51,2724.87
2019-02-05,1441220.77,2737.70
2019-02-06,1434021.61,2731.61
2019-02-07,1418032.17,2706.05
2019-02-08,1420384.32,2707.88
2019-02-11,1421425.91,2709.80
2019-02-12,1437112.65,2744.73
2019-02-13,1438620.30,2753.03
2019-02-14,1434481.18,2745.73
2019-02-15,1450042.54,2775.60
2019-02-18,1450042.54,NULL
2019-02-19,1453885.43,2779.76
2019-02-20,1234413.06,2784.70
2019-02-21,1236710.73,2774.88
2019-02-22,1243785.26,2792.67
2019-02-25,1253228.09,2796.11
2019-02-26,1254962.09,2793.90
2019-02-27,1257113.68,2792.38
2019-02-28,1252148.10,2784.49
2019-03-01,1261387.17,2803.69
2019-03-04,1264125.24,2792.81
2019-03-05,1261687.77,2789.65
2019-03-06,1253443.64,2771.45
2019-03-07,1240539.47,2748.93
2019-03-08,1238326.16,2743.07
2019-03-11,1258029.38,2783.30
2019-03-12,1260564.43,2791.52
2019-03-13,1268965.74,2810.92
2019-03-14,1267877.74,2808.48
2019-03-15,1272693.36,2822.48
2019-03-18,1282424.97,2832.94
2019-03-19,1281743.30,2832.57
2019-03-20,1272027.21,2824.23
2019-03-21,1280856.91,2854.88
2019-03-22,1253275.65,2800.71
2019-03-25,1251635.34,2798.36
2019-03-26,1259965.72,2818.46
2019-03-27,1252248.85,2805.37
2019-03-28,1257449.09,2815.44
2019-03-29,1268401.39,2834.40
2019-04-01,1279969.85,2867.19
2019-04-02,1279384.72,2867.24
2019-04-03,1275556.08,2873.40
2019-04-04,1280879.82,2879.39
2019-04-05,1287104.08,2892.74
2019-04-08,1288797.97,2895.77
2019-04-09,1287037.60,2878.20
2019-04-10,1287738.02,2888.21
2019-04-11,1288463.28,2888.32
2019-04-12,1306057.26,2907.41
2019-04-15,1295990.17,2905.58
2019-04-16,1302355.18,2907.06
2019-04-17,1308031.49,2900.45
2019-04-18,1310185.21,2905.03
2019-04-22,1308991.55,2907.97
2019-04-23,1319777.64,2933.68
2019-04-24,1315099.57,2927.25
2019-04-25,1320390.42,2926.17
2019-04-26,1319985.52,2939.88
2019-04-29,1321498.10,2943.03
2019-04-30,1323681.54,2945.83
2019-05-01,1319081.93,2923.73
2019-05-02,1316465.61,2917.52
2019-05-03,1335296.10,2945.64
2019-05-06,1317096.84,2932.47
2019-05-07,1293168.65,2884.05
2019-05-08,1289686.02,2879.42
2019-05-09,1281030.22,2870.72
2019-05-10,1282835.46,2881.40
2019-05-13,1249061.50,2811.87
2019-05-14,1258870.23,2834.41
2019-05-15,1265481.58,2850.96
2019-05-16,1274327.86,2876.32
2019-05-17,1263010.09,2859.53
2019-05-20,1245861.92,2840.23
2019-05-21,1253639.07,2864.36
2019-05-22,1247874.73,2856.27
2019-05-23,1237722.13,2822.24
2019-05-24,1237261.72,2826.06
2019-05-27,1237261.72,NULL
2019-05-28,1223619.41,2802.39
2019-05-29,1213238.53,2783.02
2019-05-30,1211690.21,2788.86
2019-05-31,1196692.39,2752.06
2019-06-03,1200035.04,2744.45
2019-06-04,1222907.04,2803.27
2019-06-05,1227691.46,2826.15
2019-06-06,1236926.11,2843.49
2019-06-07,1250570.30,2873.34
2019-06-10,1263362.56,2886.73
2019-06-11,1267745.83,2885.72
2019-06-12,1260851.69,2879.84
2019-06-13,1262162.44,2891.64
2019-06-14,1257670.36,2886.98
2019-06-17,1256151.05,2889.67
2019-06-18,1274719.58,2917.75
2019-06-19,1274188.50,2926.46
2019-06-20,1285253.44,2954.18
2019-06-21,1282292.72,2950.46
2019-06-24,1283904.28,2945.35
2019-06-25,1276702.79,2917.38
2019-06-26,1279627.35,2913.78
2019-06-27,1286868.03,2924.92
2019-06-28,1292193.36,2941.76
2019-07-01,1304623.17,2964.33
2019-07-02,1309728.89,2973.01
2019-07-03,1314944.18,2995.82
2019-07-04,1314944.18,NULL
2019-07-05,1310082.42,2990.41
2019-07-08,1302636.69,2975.95
2019-07-09,1302344.94,2979.63
2019-07-10,1300977.25,2993.07
2019-07-11,1301768.05,2999.91
2019-07-12,1306592.70,3013.77
2019-07-15,1309760.39,3014.30
2019-07-16,1303049.31,3004.04
2019-07-17,1295258.41,2984.42
2019-07-18,1307215.31,2995.11
2019-07-19,1303221.61,2976.61
2019-07-22,1304723.92,2985.03
2019-07-23,1317928.23,3005.47
2019-07-24,1323215.55,3019.56
2019-07-25,1317075.75,3003.67
2019-07-26,1326784.40,3025.86
2019-07-29,1327678.87,3020.97
2019-07-30,1321613.24,3013.18
2019-07-31,1304636.77,2980.38
2019-08-01,1284598.68,2953.56
2019-08-02,1278469.81,2932.05
2019-08-05,1236853.86,2844.74
2019-08-06,1253465.25,2881.77
2019-08-07,1251867.87,2883.98
2019-08-08,1272829.65,2938.09
2019-08-09,1264954.51,2918.65
2019-08-12,1254540.30,2882.70
2019-08-13,1272765.22,2926.32
2019-08-14,1246434.59,2840.60
2019-08-15,1256999.53,2847.60
2019-08-16,1279854.49,2888.68
2019-08-19,1294013.23,2923.65
2019-08-20,1278407.79,2900.51
2019-08-21,1282655.98,2924.43
2019-08-22,1279719.83,2922.95
2019-08-23,1245880.26,2847.11
2019-08-26,1254563.99,2878.38
2019-08-27,1247718.72,2869.16
2019-08-28,1256899.36,2887.94
2019-08-29,1274154.47,2924.58
2019-08-30,1279286.09,2926.46
2019-09-02,1279286.09,NULL
2019-09-03,1269198.54,2906.27
2019-09-04,1286364.57,2937.78
2019-09-05,1301576.32,2976.00
2019-09-06,1302745.45,2978.71
2019-09-09,1306966.40,2978.43
2019-09-10,1309192.85,2979.39
2019-09-11,1374705.77,3000.93
2019-09-12,1381204.83,3009.57
2019-09-13,1378051.31,3007.39
2019-09-16,1365753.42,2997.96
2019-09-17,1369241.33,3005.70
2019-09-18,1372568.49,3006.73
2019-09-19,1372782.56,3006.79
2019-09-20,1368951.14,2992.07
2019-09-23,1362707.58,2991.78
2019-09-24,1347985.72,2966.60
2019-09-25,1363554.39,2984.87
2019-09-26,1359291.07,2977.62
2019-09-27,1348160.15,2961.79
2019-09-30,1353278.47,2976.74
2019-10-01,1341637.00,2940.25
2019-10-02,1323543.46,2887.61
2019-10-03,1334822.08,2910.63
2019-10-04,1432596.74,2952.01
2019-10-07,1425337.62,2938.79
2019-10-08,1399177.71,2893.06
2019-10-09,1415109.58,2919.40
2019-10-10,1421515.21,2938.13
2019-10-11,1439862.52,2970.27
2019-10-14,1436595.94,2966.15
2019-10-15,1452870.32,2995.68
2019-10-16,1458385.76,2989.69
2019-10-17,1458961.83,2997.95
2019-10-18,1439223.57,2986.20
2019-10-21,1482821.05,3006.72
2019-10-22,1473536.30,2995.99
2019-10-23,1477957.39,3004.52
2019-10-24,1488106.93,3010.29
2019-10-25,1503344.40,3022.55
2019-10-28,1516003.82,3039.42
2019-10-29,1513182.58,3036.89
2019-10-30,1520505.86,3046.77
2019-10-31,1514537.14,3037.56
2019-11-01,1526048.49,3066.91
2019-11-04,1537192.73,3078.27
2019-11-05,1543206.49,3074.62
2019-11-06,1548035.49,3076.78
2019-11-07,1551757.10,3085.18
2019-11-08,1556591.31,3093.08
2019-11-11,1555085.22,3087.01
2019-11-12,1556584.45,3091.84
2019-11-13,1550775.27,3094.04
2019-11-14,1546858.66,3096.63
2019-11-15,1559924.09,3120.46
2019-11-18,1558109.08,3122.03
2019-11-19,1559015.41,3120.18
2019-11-20,1550157.74,3108.46
2019-11-21,1550342.64,3103.54
2019-11-22,1554132.93,3110.29
2019-11-25,1567221.72,3133.64
2019-11-26,1575941.53,3140.52
2019-11-27,1587279.90,3153.63
2019-11-28,1587279.90,NULL
2019-11-29,1581547.31,3140.98
2019-12-02,1569156.55,3113.87
2019-12-03,1572681.97,3093.20
2019-12-04,1576011.20,3112.76
2019-12-05,1580838.69,3117.43
2019-12-06,1596469.12,3145.91
2019-12-09,1591070.40,3135.96
2019-12-10,1590781.94,3132.52
2019-12-11,1602337.79,3141.63
2019-12-12,1613785.29,3168.57
2019-12-13,1617514.08,3168.80
2019-12-16,1628471.02,3191.45
2019-12-17,1630618.66,3192.52
2019-12-18,1629280.82,3191.14
2019-12-19,1637213.74,3205.37
2019-12-20,1648775.71,3221.22
2019-12-23,1653285.41,3224.01
2019-12-24,1653189.60,3223.38
2019-12-25,1653189.60,NULL
2019-12-26,1663460.91,3239.91
2019-12-27,1662750.60,3240.02
2019-12-30,1651683.61,3221.29
2019-12-31,1653326.45,3230.78
2020-01-02,1675767.12,3257.85
2020-01-03,1660627.72,3234.85
2020-01-06,1662572.83,3246.28
2020-01-07,1655391.06,3237.18
2020-01-08,1663058.69,3253.05
2020-01-09,1675992.83,3274.70
2020-01-10,1671257.04,3265.35
2020-01-13,1691765.01,3288.13
2020-01-14,1686537.70,3283.15
2020-01-15,1689413.13,3289.29
2020-01-16,1700926.20,3316.81
2020-01-17,1712334.66,3329.62
2020-01-20,1712334.66,NULL
2020-01-21,1706899.24,3320.79
2020-01-22,1712269.70,3321.75
2020-01-23,1705531.31,3325.54
2020-01-24,1696578.18,3295.47
2020-01-27,1661723.12,3243.63
2020-01-28,1680994.41,3276.24
2020-01-29,1683169.74,3273.40
2020-01-30,1694676.89,3283.66
2020-01-31,1662291.25,3225.52
2020-02-03,1676302.80,3248.92
2020-02-04,1709084.37,3297.59
2020-02-05,1721758.27,3334.69
2020-02-06,1729227.97,3345.78
2020-02-07,1718093.80,3327.71
2020-02-10,1729586.42,3352.09
2020-02-11,1730104.26,3357.75
2020-02-12,1739687.40,3379.45
2020-02-13,1730691.11,3373.94
2020-02-14,1736799.59,3380.16
2020-02-17,1736799.59,NULL
2020-02-18,1732564.05,3370.29
2020-02-19,1746446.09,3386.15
2020-02-20,1733996.23,3373.23
2020-02-21,1716639.35,3337.75
2020-02-24,1653507.70,3225.89
2020-02-25,1616224.12,3128.21
2020-02-26,1613847.21,3116.39
2020-02-27,1548413.44,2978.76
2020-02-28,1546479.35,2954.22
2020-03-02,1608330.36,3090.23
2020-03-03,1563770.12,3003.37
2020-03-04,1625004.51,3130.12
2020-03-05,1580188.94,3023.94
2020-03-06,1550090.13,2972.37
2020-03-09,1448248.48,2746.56
2020-03-10,1519831.47,2882.23
2020-03-11,1450691.44,2741.38
2020-03-12,1321360.04,2480.64
2020-03-13,1456575.88,2711.02
2020-03-16,1300388.04,2386.13
2020-03-17,1299129.68,2529.19
2020-03-18,1235442.75,2398.10
2020-03-19,1244825.39,2409.39
2020-03-20,1209716.81,2304.92
2020-03-23,1166648.64,2237.40
2020-03-24,1267639.46,2447.33
2020-03-25,1289194.52,2475.56
2020-03-26,1353198.51,2630.07
2020-03-27,1308584.94,2541.47
2020-03-30,1350907.94,2626.65
2020-03-31,1337542.20,2584.59
2020-04-01,1288916.57,2470.50
2020-04-02,1319527.61,2526.90
2020-04-03,1305145.31,2488.65
2020-04-06,1378691.97,2663.68
2020-04-07,1380927.14,2659.41
2020-04-08,1412186.49,2749.98
2020-04-09,1422432.26,2789.82
2020-04-13,1406253.25,2761.63
2020-04-14,1447018.24,2846.06
2020-04-15,1420110.08,2783.36
2020-04-16,1430953.70,2799.55
2020-04-17,1456553.11,2874.56
2020-04-20,1468589.86,2823.16
2020-04-21,1426301.38,2736.56
2020-04-22,1456127.78,2799.31
2020-04-23,1445102.57,2797.80
2020-04-24,1459032.59,2836.74
2020-04-27,1469452.01,2878.48
2020-04-28,1465133.23,2863.39
2020-04-29,1500952.86,2939.51
2020-04-30,1482226.27,2912.43
2020-05-01,1442759.36,2830.71
2020-05-04,1439105.69,2842.74
2020-05-05,1448263.64,2868.44
2020-05-06,1446435.89,2848.42
2020-05-07,1458303.67,2881.19
2020-05-08,1483866.33,2929.80
2020-05-11,1484431.79,2930.19
2020-05-12,1454830.34,2870.12
2020-05-13,1434442.13,2820.00
2020-05-14,1449531.96,2852.50
2020-05-15,1455469.85,2863.70
2020-05-18,1506150.97,2953.91
2020-05-19,1491754.91,2922.94
2020-05-20,1515334.31,2971.61
2020-05-21,1496711.17,2948.51
2020-05-22,1479799.70,2955.45
2020-05-25,1479799.70,NULL
2020-05-26,1498469.11,2991.77
2020-05-27,1520276.43,3036.13
2020-05-28,1511520.32,3029.73
2020-05-29,1525682.12,3044.31
2020-06-01,1521817.87,3055.73
2020-06-02,1540359.31,3080.82
2020-06-03,1561926.30,3122.87
2020-06-04,1561273.81,3112.35
2020-06-05,1598619.01,3193.93
2020-06-08,1606460.27,3232.39
2020-06-09,1601279.04,3207.18
2020-06-10,1599877.71,3190.14
2020-06-11,1510427.69,3002.10
2020-06-12,1526387.66,3041.31
2020-06-15,1533590.56,3066.59
2020-06-16,1557601.09,3124.74
2020-06-17,1559853.35,3113.49
2020-06-18,1557948.54,3115.34
2020-06-19,1547344.76,3097.74
2020-06-22,1555561.16,3117.86
2020-06-23,1568147.66,3131.29
2020-06-24,1534155.03,3050.33
2020-06-25,1641351.75,3083.76
2020-06-26,1602329.52,3009.05
2020-06-29,1619720.11,3053.24
2020-06-30,1639724.54,3100.29
2020-07-01,1639626.60,3115.86
2020-07-02,1750750.87,3130.01
2020-07-03,1750750.87,NULL
2020-07-06,1789417.43,3179.72
2020-07-07,1766244.09,3145.32
2020-07-08,1799960.73,3169.94
2020-07-09,1794328.49,3152.05
2020-07-10,1810369.72,3185.04
2020-07-13,1792204.70,3155.22
2020-07-14,1814547.65,3197.52
2020-07-15,1826418.43,3226.56
2020-07-16,1809780.08,3215.57
2020-07-17,1821245.58,3224.73
2020-07-20,1842240.52,3251.84
2020-07-21,1848983.97,3257.30
2020-07-22,1853003.82,3276.02
2020-07-23,1842955.88,3235.66
2020-07-24,1814825.81,3215.63
2020-07-27,1822219.79,3239.41
2020-07-28,1819901.21,3218.44
2020-07-29,1842043.26,3258.44
2020-07-30,1829524.67,3246.22
2020-07-31,1826275.57,3271.12
2020-08-03,1853949.99,3294.61
2020-08-04,1859278.87,3306.51
2020-08-05,1872107.06,3327.77
2020-08-06,1881601.24,3349.16
2020-08-07,1875340.42,3351.28
2020-08-10,1878042.12,3360.47
2020-08-11,1868843.81,3333.69
2020-08-12,1897533.09,3380.35
2020-08-13,1888179.00,3373.43
2020-08-14,1885934.27,3372.85
2020-08-17,1892006.81,3381.99
2020-08-18,1897529.28,3389.78
2020-08-19,1935689.89,3374.85
2020-08-20,1938814.82,3385.51
2020-08-21,1948562.89,3397.16
2020-08-24,1975225.19,3431.28
2020-08-25,1999740.02,3443.62
2020-08-26,2019238.60,3478.73
2020-08-27,2046098.52,3484.55
2020-08-28,2138358.73,3508.01
2020-08-31,2127758.28,3500.31
2020-09-01,2145474.90,3526.65
2020-09-02,2177276.47,3580.84
2020-09-03,2100655.61,3455.06
2020-09-04,2093485.21,3426.96
2020-09-07,2093485.21,NULL
2020-09-08,2039858.87,3331.84
2020-09-09,2078185.99,3398.96
2020-09-10,2044329.31,3339.19
2020-09-11,2053254.94,3340.97
2020-09-14,2073819.05,3383.54
2020-09-15,2083705.78,3401.20
2020-09-16,2077357.82,3385.49
2020-09-17,2063918.15,3357.01
2020-09-18,2046977.90,3319.47
2020-09-21,2024450.67,3281.06
2020-09-22,2035100.01,3315.57
2020-09-23,1994776.01,3236.92
2020-09-24,1992891.00,3246.59
2020-09-25,2018047.95,3298.46
2020-09-28,2047318.01,3351.60
2020-09-29,2038086.24,3335.47
2020-09-30,2071921.65,3363.00
2020-10-01,2071676.49,3380.80
2020-10-02,2057089.91,3348.42
2020-10-05,2081037.69,3408.60
2020-10-06,2062564.93,3360.97
2020-10-07,2095148.17,3419.44
2020-10-08,2115391.93,3446.83
2020-10-09,2132038.92,3477.14
2020-10-12,2162428.38,3534.22
2020-10-13,2143043.66,3511.93
2020-10-14,2118062.52,3488.67
2020-10-15,2113297.32,3483.34
2020-10-16,2128138.59,3483.81
2020-10-19,2097061.75,3426.92
2020-10-20,2108754.86,3443.12
2020-10-21,2105878.08,3435.56
2020-10-22,2111001.93,3453.49
2020-10-23,2108147.30,3465.39
2020-10-26,2070550.11,3400.97
2020-10-27,2070107.70,3390.68
2020-10-28,2002119.64,3271.03
2020-10-29,2014118.54,3310.11
2020-10-30,1992972.87,3269.96
2020-11-02,2021423.45,3310.24
2020-11-03,2022464.17,3369.16
2020-11-04,2057597.53,3443.44
2020-11-05,2077165.85,3510.45
2020-11-06,2095167.86,3509.44
2020-11-09,2129868.31,3550.50
2020-11-10,2110096.11,3545.53
2020-11-11,2117264.63,3572.66
2020-11-12,2098519.10,3537.01
2020-11-13,2114647.22,3585.15
2020-11-16,2130699.71,3626.91
2020-11-17,2116133.69,3609.53
2020-11-18,2088560.16,3567.79
2020-11-19,2099662.48,3581.87
2020-11-20,2019674.56,3557.54
2020-11-23,2019802.59,3577.59
2020-11-24,2057082.06,3635.41
2020-11-25,2054892.39,3629.65
2020-11-26,2054892.39,NULL
2020-11-27,1983182.30,3638.35
2020-11-30,1955142.50,3621.63
2020-12-01,2029166.56,3662.45
2020-12-02,2025117.50,3669.01
2020-12-03,2026183.79,3666.72
2020-12-04,2040650.44,3699.12
2020-12-07,2030104.11,3691.96
2020-12-08,2033271.53,3702.25
2020-12-09,2019639.11,3672.82
2020-12-10,2020072.08,3668.10
2020-12-11,2020780.72,3663.46
2020-12-14,1999985.81,3647.49
2020-12-15,2019302.44,3694.62
2020-12-16,2028017.92,3701.17
2020-12-17,2050341.36,3722.48
2020-12-18,2042192.32,3709.41
2020-12-21,2042274.31,3694.92
2020-12-22,2034185.69,3687.26
2020-12-23,2034304.09,3690.01
2020-12-24,2004969.42,3703.06
2020-12-28,2023942.72,3735.36
2020-12-29,2042947.55,3727.04
2020-12-30,2047479.16,3732.04
2020-12-31,2050181.33,3756.07
2021-01-04,2023871.75,3700.65
2021-01-05,2040867.66,3726.86
2021-01-06,2023311.20,3748.14
2021-01-07,2042603.74,3803.79
2021-01-08,2060110.36,3824.68
2021-01-11,2037176.15,3799.61
2021-01-12,2029127.65,3801.19
2021-01-13,2045771.54,3809.84
2021-01-14,2048357.44,3795.54
2021-01-15,2040556.48,3768.25
2021-01-18,2040556.48,NULL
2021-01-19,2063608.59,3798.91
2021-01-20,2097564.74,3851.85
2021-01-21,2091160.12,3853.07
2021-01-22,2088630.69,3841.47
2021-01-25,2099036.56,3855.36
2021-01-26,2111477.81,3849.62
2021-01-27,2073430.31,3750.77
2021-01-28,2096758.87,3787.38
2021-01-29,2043291.59,3714.24
2021-02-01,2080530.68,3773.86
2021-02-02,2088306.36,3826.31
2021-02-03,2097231.86,3830.17
2021-02-04,2123668.00,3871.74
2021-02-05,2125940.65,3886.83
2021-02-08,2128352.30,3915.59
2021-02-09,2137419.90,3911.23
2021-02-10,2139744.21,3909.88
2021-02-11,2144587.61,3916.38
2021-02-12,2151266.79,3934.83
2021-02-15,2151266.79,NULL
2021-02-16,2150951.42,3932.59
2021-02-17,2147573.86,3931.33
2021-02-18,2134258.47,3913.97
2021-02-19,2118573.22,3906.71
2021-02-22,2102008.85,3876.50
2021-02-23,2100005.67,3881.37
2021-02-24,2113283.54,3925.43
2021-02-25,2066476.43,3829.34
2021-02-26,2052431.10,3811.15
2021-03-01,2095029.42,3901.82
2021-03-02,2076619.15,3870.29
2021-03-03,2061095.64,3819.72
2021-03-04,2025336.33,3768.47
2021-03-05,2065472.85,3841.94
2021-03-08,2051212.80,3821.35
2021-03-09,2089000.98,3875.44
2021-03-10,2102664.12,3898.81
2021-03-11,2121240.58,3939.34
2021-03-12,2112592.63,3943.34
2021-03-15,2109520.83,3968.94
2021-03-16,2107857.89,3962.71
2021-03-17,2156880.68,3974.12
2021-03-18,2145853.66,3915.46
2021-03-19,2136195.74,3913.10
2021-03-22,2148017.46,3940.59
2021-03-23,2138724.13,3910.52
2021-03-24,2133059.65,3889.14
2021-03-25,2131943.06,3909.52
2021-03-26,2176925.08,3974.54
2021-03-29,2183125.76,3971.09
2021-03-30,2171911.45,3958.55
2021-03-31,2170487.85,3972.89
2021-04-01,2191040.45,4019.87
2021-04-05,2222192.16,4077.91
2021-04-06,2225218.79,4073.94
2021-04-07,2225003.76,4079.95
2021-04-08,2240573.64,4097.17
2021-04-09,2251033.65,4128.80
2021-04-12,2277085.39,4127.99
2021-04-13,2278777.21,4141.59
2021-04-14,2272166.16,4124.66
2021-04-15,2290370.41,4170.42
2021-04-16,2303857.67,4185.47
2021-04-19,2289642.95,4163.26
2021-04-20,2274359.32,4134.94
2021-04-21,2303147.57,4173.42
2021-04-22,2290201.51,4134.98
2021-04-23,2312382.02,4180.17
2021-04-26,2305905.60,4187.62
2021-04-27,2314297.60,4186.72
2021-04-28,2308240.42,4183.18
2021-04-29,2322571.84,4211.47
2021-04-30,2302039.25,4181.17
2021-05-03,2312081.44,4192.66
2021-05-04,2295808.30,4164.66
2021-05-05,2295071.82,4167.59
2021-05-06,2319156.33,4201.62
2021-05-07,2330375.95,4232.60
2021-05-10,2309811.12,4188.43
2021-05-11,2292405.33,4152.10
2021-05-12,2248861.65,4063.04
2021-05-13,2264331.00,4112.50
2021-05-14,2296774.71,4173.85
2021-05-17,2289524.89,4163.29
2021-05-18,2280868.99,4127.83
2021-05-19,2273594.97,4115.68
2021-05-20,2298384.67,4159.12
2021-05-21,2291505.71,4155.86
2021-05-24,2310089.66,4197.05
2021-05-25,2311898.49,4188.13
2021-05-26,2307349.29,4195.99
2021-05-27,2310467.38,4200.88
2021-05-28,2317016.13,4204.11
2021-05-31,2317016.13,NULL
2021-06-01,2317289.72,4202.04
2021-06-02,2321926.77,4208.12
2021-06-03,2316045.73,4192.85
2021-06-04,2335779.84,4229.89
2021-06-07,2331746.18,4226.52
2021-06-08,2330960.90,4227.26
2021-06-09,2324144.41,4219.55
2021-06-10,2329839.77,4239.18
2021-06-11,2329263.67,4247.44
2021-06-14,2333432.65,4255.15
2021-06-15,2324015.87,4246.59
2021-06-16,2313510.80,4223.70
2021-06-17,2310830.82,4221.86
2021-06-18,2283218.92,4166.45
2021-06-21,2308932.32,4224.79
2021-06-22,2318544.50,4246.44
2021-06-23,2310806.35,4241.84
2021-06-24,2323691.02,4266.49
2021-06-25,2341832.20,4280.70
2021-06-28,2345611.97,4290.61
2021-06-29,2350966.90,4291.80
2021-06-30,2346242.22,4297.50
2021-07-01,2348034.10,4319.94
2021-07-02,2359769.10,4352.34
2021-07-05,2359769.10,NULL
2021-07-06,2346943.77,4343.54
2021-07-07,2357126.61,4358.13
2021-07-08,2325262.62,4320.82
2021-07-09,2356980.63,4369.55
2021-07-12,2361472.31,4384.63
2021-07-13,2364191.89,4369.21
2021-07-14,2377046.08,4374.30
2021-07-15,2377166.31,4360.03
2021-07-16,2359923.87,4327.16
2021-07-19,2333099.60,4258.49
2021-07-20,2363579.66,4323.06
2021-07-21,2385107.74,4358.69
2021-07-22,2389955.15,4367.48
2021-07-23,2401852.63,4411.79
2021-07-26,2387771.51,4422.30
2021-07-27,2381768.33,4401.46
2021-07-28,2387368.22,4400.64
2021-07-29,2391681.69,4419.15
2021-07-30,2388387.07,4395.26
2021-08-02,2386864.21,4387.16
2021-08-03,2398977.41,4423.15
2021-08-04,2392844.40,4402.66
2021-08-05,2402316.51,4429.10
2021-08-06,2403058.25,4436.52
2021-08-09,2401182.45,4432.35
2021-08-10,2401640.20,4436.75
2021-08-11,2408325.54,4442.41
2021-08-12,2406614.58,4460.83
2021-08-13,2409075.93,4468.00
2021-08-16,2414995.00,4479.71
2021-08-17,2396418.85,4448.08
2021-08-18,2370350.23,4400.27
2021-08-19,2363603.45,4405.80
2021-08-20,2378849.10,4441.67
2021-08-23,2392625.31,4479.53
2021-08-24,2403945.27,4486.23
2021-08-25,2400832.85,4496.19
2021-08-26,2388968.55,4470.00
2021-08-27,2397699.97,4509.37
2021-08-30,2409562.21,4528.79
2021-08-31,2407410.75,4522.68
2021-09-01,2421026.95,4524.09
2021-09-02,2420251.81,4536.95
2021-09-03,2415420.40,4535.43
2021-09-06,2415420.40,NULL
2021-09-07,2414125.71,4520.03
2021-09-08,2409432.80,4514.07
2021-09-09,2388969.72,4493.28
2021-09-10,2374673.01,4458.58
2021-09-13,2378818.51,4468.73
2021-09-14,2364562.03,4443.05
2021-09-15,2373388.41,4480.70
2021-09-16,2372127.00,4473.75
2021-09-17,2356965.23,4432.99
2021-09-20,2315562.56,4357.73
2021-09-21,2319204.53,4354.19
2021-09-22,2340180.02,4395.64
2021-09-23,2363875.58,4448.98
2021-09-24,2352425.09,4455.48
2021-09-27,2340046.78,4443.11
2021-09-28,2296729.03,4352.63
2021-09-29,2292472.74,4359.46
2021-09-30,2268085.80,4307.54
2021-10-01,2288067.59,4357.04
2021-10-04,2255124.36,4300.46
2021-10-05,2279468.60,4345.72
2021-10-06,2293119.84,4363.55
2021-10-07,2324445.12,4399.76
2021-10-08,2323527.42,4391.34
2021-10-11,2309636.91,4361.19
2021-10-12,2299883.48,4350.65
2021-10-13,2315824.81,4363.80
2021-10-14,2356380.43,4438.26
2021-10-15,2384551.58,4471.37
2021-10-18,2375395.57,4486.46
2021-10-19,2403477.26,4519.63
2021-10-20,2407561.39,4536.19
2021-10-21,2419254.38,4549.78
2021-10-22,2425346.63,4544.90
2021-10-25,2423489.24,4566.48
2021-10-26,2426676.28,4574.79
2021-10-27,2418745.43,4551.68
2021-10-28,2434126.71,4596.42
2021-10-29,2430122.31,4605.38
2021-11-01,2433804.40,4613.67
2021-11-02,2437255.08,4630.65
2021-11-03,2453424.67,4660.57
2021-11-04,2453503.59,4680.06
2021-11-05,2452025.87,4697.53
2021-11-08,2460561.92,4701.70
2021-11-09,2452469.48,4685.25
2021-11-10,2437756.01,4646.71
2021-11-11,2436122.57,4649.27
2021-11-12,2450241.12,4682.85
2021-11-15,2446922.49,4682.80
2021-11-16,2458511.53,4700.90
2021-11-17,2441688.92,4688.67
2021-11-18,2433326.86,4704.54
2021-11-19,2423162.34,4697.96
2021-11-22,2406240.54,4682.94
2021-11-23,2403771.28,4690.70
2021-11-24,2409859.73,4701.46
2021-11-25,2409859.73,NULL
2021-11-26,2360073.31,4594.62
2021-11-29,2378427.15,4655.27
2021-11-30,2333642.17,4567.00
2021-12-01,2316203.27,4513.04
2021-12-02,2334326.80,4577.10
2021-12-03,2305742.05,4538.43
2021-12-06,2346743.71,4591.67
2021-12-07,2392614.13,4686.75
2021-12-08,2391522.87,4701.21
2021-12-09,2384459.79,4667.45
2021-12-10,2411100.20,4712.02
2021-12-13,2394962.24,4668.97
2021-12-14,2387557.74,4634.09
2021-12-15,2405770.14,4709.85
2021-12-16,2388799.15,4668.67
2021-12-17,2359145.05,4620.64
2021-12-20,2333590.38,4568.02
2021-12-21,2373325.60,4649.23
2021-12-22,2387204.66,4696.56
2021-12-23,2397023.40,4725.79
2021-12-24,2397023.40,NULL
2021-12-27,2422525.85,4791.19
2021-12-28,2422660.73,4786.35
2021-12-29,2423708.98,4793.06
2021-12-30,2430972.66,4778.73
2021-12-31,2420699.22,4766.18
2022-01-03,2436440.05,4796.56
2022-01-04,2440050.78,4793.54
2022-01-05,2404019.76,4700.58
2022-01-06,2408697.44,4696.05
2022-01-07,2420433.03,4677.03
2022-01-10,2396786.84,4670.29
2022-01-11,2413708.59,4713.07
2022-01-12,2429043.75,4726.35
2022-01-13,2395997.05,4659.03
2022-01-14,2399944.07,4662.85
2022-01-17,2399944.07,NULL
2022-01-18,2361325.79,4577.11
2022-01-19,2340958.04,4532.76
2022-01-20,2326912.72,4482.73
2022-01-21,2285745.41,4397.94
2022-01-24,2273184.40,4410.13
2022-01-25,2258228.87,4356.45
2022-01-26,2263110.85,4349.93
2022-01-27,2256643.57,4326.51
2022-01-28,2314782.25,4431.85
2022-01-31,2349273.97,4515.55
2022-02-01,2358278.33,4546.54
2022-02-02,2377513.69,4589.38
2022-02-03,2324248.05,4477.44
2022-02-04,2331667.30,4500.53
2022-02-07,2316819.87,4483.87
2022-02-08,2345050.56,4521.54
2022-02-09,2378439.71,4587.18
2022-02-10,2332494.23,4504.08
2022-02-11,2295266.23,4418.64
2022-02-14,2282976.00,4401.67
2022-02-15,2318684.35,4471.07
2022-02-16,2316494.31,4475.01
2022-02-17,2280964.00,4380.26
2022-02-18,2264342.67,4348.87
2022-02-21,2264342.67,NULL
2022-02-22,2240680.29,4304.76
2022-02-23,2204628.86,4225.50
2022-02-24,2222561.72,4288.70
2022-02-25,2270912.80,4384.65
2022-02-28,2264242.52,4373.94
2022-03-01,2229679.69,4306.26
2022-03-02,2260201.39,4386.54
2022-03-03,2252760.92,4363.49
2022-03-04,2218373.75,4328.87
2022-03-07,2159369.53,4201.09
2022-03-08,2134907.43,4170.70
2022-03-09,2205792.74,4277.88
2022-03-10,2180679.75,4259.52
2022-03-11,2151425.30,4204.31
2022-03-14,2144231.21,4173.11
2022-03-15,2190365.87,4262.45
2022-03-16,2266280.74,4357.86
2022-03-17,2289898.62,4411.67
2022-03-18,2323231.72,4463.12
2022-03-21,2316073.44,4461.18
2022-03-22,2347915.60,4511.61
2022-03-23,2317607.76,4456.24
2022-03-24,2343215.99,4520.16
2022-03-25,2354646.52,4543.06
2022-03-28,2377329.78,4575.52
2022-03-29,2400878.17,4631.60
2022-03-30,2387706.72,4602.45
2022-03-31,2341990.74,4530.41
2022-04-01,2354470.06,4545.86
2022-04-04,2367324.48,4582.64
2022-04-05,2339129.85,4525.12
2022-04-06,2310559.10,4481.15
2022-04-07,2307561.41,4500.21
2022-04-08,2306956.95,4488.28
2022-04-11,2274074.99,4412.53
2022-04-12,2260318.31,4397.45
2022-04-13,2276945.26,4446.59
2022-04-14,2240114.26,4392.59
2022-04-18,2240928.62,4391.69
2022-04-19,2271081.33,4462.21
2022-04-20,2280021.96,4459.45
2022-04-21,2249870.53,4393.66
2022-04-22,2200305.56,4271.78
2022-04-25,2220054.02,4296.12
2022-04-26,2158539.73,4175.20
2022-04-27,2178766.22,4183.96
2022-04-28,2225931.93,4287.50
2022-04-29,2172619.58,4131.93
2022-05-02,2178446.40,4155.38
2022-05-03,2223841.36,4175.48
2022-05-04,2323233.51,4300.17
2022-05-05,2240669.57,4146.87
2022-05-06,2103481.67,4123.34
2022-05-09,2038101.86,3991.24
2022-05-10,2042350.95,4001.05
2022-05-11,2016142.10,3935.18
2022-05-12,2003457.45,3930.08
2022-05-13,2047207.94,4023.89
2022-05-16,2035964.01,4008.01
2022-05-17,2082808.90,4088.85
2022-05-18,2006571.14,3923.68
2022-05-19,1990333.14,3900.79
2022-05-20,1991386.18,3901.36
2022-05-23,2039282.16,3973.75
2022-05-24,2026110.79,3941.48
2022-05-25,2032508.94,3978.73
2022-05-26,2073886.44,4057.84
2022-05-27,2119276.72,4158.24
2022-05-30,2119276.72,NULL
2022-05-31,2110915.45,4132.15
2022-06-01,2086749.58,4101.23
2022-06-02,2120066.56,4176.82
2022-06-03,2084059.79,4108.54
2022-06-06,2363488.18,4121.43
2022-06-07,2376898.91,4160.68
2022-06-08,2366617.11,4115.77
2022-06-09,2294982.79,4017.82
2022-06-10,2224650.83,3900.86
2022-06-13,2138063.92,3749.63
2022-06-14,2130653.57,3735.48
2022-06-15,2175152.80,3789.99
2022-06-16,2109261.97,3666.77
2022-06-17,2123325.76,3674.84
2022-06-20,2123325.76,NULL
2022-06-21,2169773.42,3764.79
2022-06-22,2168011.74,3759.89
2022-06-23,2196537.94,3795.73
2022-06-24,2271130.34,3911.74
2022-06-27,2256895.61,3900.11
2022-06-28,2197443.19,3821.55
2022-06-29,2202295.87,3818.83
2022-06-30,2179191.28,3785.38
2022-07-01,2204569.50,3825.33
2022-07-04,2204569.50,NULL
2022-07-05,2212938.75,3831.39
2022-07-06,2218299.76,3845.08
2022-07-07,2248909.95,3902.62
2022-07-08,2244196.73,3899.38
2022-07-11,2208164.66,3854.43
2022-07-12,2183388.91,3818.80
2022-07-13,2183223.36,3801.78
2022-07-14,2175974.70,3790.38
2022-07-15,2288887.68,3863.16
2022-07-18,2482416.68,3830.85
2022-07-19,2553020.46,3936.69
2022-07-20,2573135.40,3959.90
2022-07-21,2604344.45,3998.95
2022-07-22,2567787.57,3961.63
2022-07-25,2568272.91,3966.84
2022-07-26,2524481.59,3921.05
2022-07-27,2604613.65,4023.61
2022-07-28,2640230.98,4072.43
2022-07-29,2686596.86,4130.29
2022-08-01,2677673.15,4118.63
2022-08-02,2651696.04,4091.19
2022-08-03,2708624.99,4155.17
2022-08-04,2719793.93,4151.94
2022-08-05,2703254.41,4145.19
2022-08-08,2690225.64,4140.06
2022-08-09,2676791.25,4122.47
2022-08-10,2733486.61,4210.24
2022-08-11,2726307.10,4207.27
2022-08-12,2765579.24,4280.15
2022-08-15,2777195.06,4297.14
2022-08-16,2785940.96,4305.20
2022-08-17,2760916.05,4274.04
2022-08-18,2762297.40,4283.74
2022-08-19,2717839.36,4228.48
2022-08-22,2649726.36,4137.99
2022-08-23,2641565.74,4128.73
2022-08-24,2651569.84,4140.77
2022-08-25,2704284.41,4199.12
2022-08-26,2605362.85,4057.66
2022-08-29,2583753.05,4030.61
2022-08-30,2561247.33,3986.16
2022-08-31,2538355.70,3955.00
2022-09-01,2541206.99,3966.85
2022-09-02,2506437.65,3924.26
2022-09-05,2506437.65,NULL
2022-09-06,2488721.09,3908.19
2022-09-07,2534323.85,3979.87
2022-09-08,2539643.18,4006.18
2022-09-09,2587678.35,4067.36
2022-09-12,2613626.71,4110.41
2022-09-13,2489179.51,3932.69
2022-09-14,2494047.30,3946.01
2022-09-15,2460018.22,3901.35
2022-09-16,2446359.00,3873.33
2022-09-19,2464859.80,3899.89
2022-09-20,2434984.95,3855.93
2022-09-21,2387724.42,3789.93
2022-09-22,2375444.29,3757.99
2022-09-23,2343448.55,3693.23
2022-09-26,2327441.59,3655.04
2022-09-27,2316151.63,3647.29
2022-09-28,2364801.38,3719.04
2022-09-29,2322533.30,3640.47
2022-09-30,2289925.82,3585.62
2022-10-03,2344367.97,3678.43
2022-10-04,2421527.86,3790.93
2022-10-05,2416485.04,3783.28
2022-10-06,2391074.90,3744.52
2022-10-07,2317728.88,3639.66
2022-10-10,2295099.06,3612.39
2022-10-11,2270760.81,3588.84
2022-10-12,2267253.75,3577.03
2022-10-13,2318202.48,3669.91
2022-10-14,2263582.50,3583.07
2022-10-17,2338823.88,3677.95
2022-10-18,2367969.30,3719.98
2022-10-19,2342234.16,3695.16
2022-10-20,2337553.54,3665.78
2022-10-21,2396158.21,3752.75
2022-10-24,2416035.81,3797.34
2022-10-25,2451520.26,3859.11
2022-10-26,2405700.27,3830.60
2022-10-27,2378057.17,3807.30
2022-10-28,2424089.50,3901.06
2022-10-31,2395531.36,3871.98
2022-11-01,2364728.42,3856.10
2022-11-02,2301709.88,3759.69
2022-11-03,2264399.63,3719.89
2022-11-04,2320429.03,3770.55
2022-11-07,2345306.46,3806.80
2022-11-08,2355902.12,3828.11
2022-11-09,2305920.70,3748.57
2022-11-10,2464660.04,3956.37
2022-11-11,2502349.29,3992.93
2022-11-14,2482806.25,3957.25
2022-11-15,2516646.84,3991.73
2022-11-16,2502249.09,3958.79
2022-11-17,2504974.23,3946.56
2022-11-18,2506287.82,3965.34
2022-11-21,2492629.88,3949.94
2022-11-22,2522360.97,4003.58
2022-11-23,2543672.61,4027.26
2022-11-24,2543672.61,NULL
2022-11-25,2535547.66,4026.12
2022-11-28,2503519.09,3963.94
2022-11-29,2494398.45,3957.63
2022-11-30,2586579.17,4080.11
2022-12-01,2578522.15,4076.57
2022-12-02,2576629.16,4071.70
2022-12-05,2533723.92,3998.84
2022-12-06,2492586.17,3941.26
2022-12-07,2475575.55,3933.92
2022-12-08,2492339.63,3963.51
2022-12-09,2473659.72,3934.38
2022-12-12,2509001.26,3990.56
2022-12-13,2540448.40,4019.65
2022-12-14,2529088.37,3995.32
2022-12-15,2450126.70,3895.75
2022-12-16,2427162.82,3852.36
2022-12-19,2403899.44,3817.66
2022-12-20,2406886.72,3821.62
2022-12-21,2445039.85,3878.44
2022-12-22,2402031.05,3822.39
2022-12-23,2412847.38,3844.82
2022-12-27,2400086.73,3829.25
2022-12-28,2374599.76,3783.22
2022-12-29,2423614.04,3849.28
2022-12-30,2411691.84,3839.50
2023-01-02,2411691.84,NULL
2023-01-03,2426907.82,3824.14
2023-01-04,2452521.51,3852.97
2023-01-05,2418177.95,3808.10
2023-01-06,2471807.12,3895.08
2023-01-09,2484576.46,3892.09
2023-01-10,2509780.78,3919.25
2023-01-11,2556758.86,3969.61
2023-01-12,2564341.01,3983.17
2023-01-13,2585260.23,3999.09
2023-01-16,2585260.23,NULL
2023-01-17,2569815.10,3990.97
2023-01-18,2530807.22,3928.86
2023-01-19,2513870.96,3898.85
2023-01-20,2572327.09,3972.61
2023-01-23,2596277.84,4019.81
2023-01-24,2591576.65,4016.95
2023-01-25,2595454.53,4016.22
2023-01-26,2614212.17,4060.43
2023-01-27,2622453.18,4070.56
2023-01-30,2576088.95,4017.77
2023-01-31,2613672.17,4076.60
2023-02-01,2641744.48,4119.21
2023-02-02,2703013.54,4179.76
2023-02-03,2648982.83,4136.48
2023-02-06,2626746.23,4111.08
2023-02-07,2665894.14,4164.00
2023-02-08,2621283.53,4117.86
2023-02-09,2591762.28,4081.50
2023-02-10,2582520.01,4090.46
2023-02-13,2618364.57,4137.29
2023-02-14,2613957.68,4136.13
2023-02-15,2616672.53,4147.60
2023-02-16,2576962.91,4090.41
2023-02-17,2564284.27,4079.09
2023-02-20,2564284.27,NULL
2023-02-21,2502831.05,3997.34
2023-02-22,2500253.92,3991.05
2023-02-23,2508099.40,4012.32
2023-02-24,2467166.65,3970.04
2023-02-27,2479807.78,3982.24
2023-02-28,2466478.01,3970.15
2023-03-01,2453122.07,3951.39
2023-03-02,2475347.84,3981.35
2023-03-03,2519677.03,4045.64
2023-03-06,2525413.27,4048.42
2023-03-07,2488929.14,3986.37
2023-03-08,2489448.73,3992.01
2023-03-09,2443334.69,3918.32
2023-03-10,2421342.99,3861.59
2023-03-13,2433304.47,3855.76
2023-03-14,2471575.34,3919.29
2023-03-15,2463004.76,3891.93
2023-03-16,2519447.60,3960.28
2023-03-17,2501342.87,3916.64
2023-03-20,2510291.89,3951.57
2023-03-21,2542912.32,4002.87
2023-03-22,2512470.15,3936.97
2023-03-23,2534019.50,3948.72
2023-03-24,2537022.44,3970.99
2023-03-27,2532262.36,3977.53
2023-03-28,2531863.11,3971.27
2023-03-29,2571752.42,4027.81
2023-03-30,2587318.93,4050.83
2023-03-31,2622580.71,4109.31
2023-04-03,2624952.77,4124.51
2023-04-04,2622772.11,4100.60
2023-04-05,2612988.86,4090.38
2023-04-06,2640692.55,4105.02
2023-04-10,2632118.80,4109.11
2023-04-11,2621628.04,4108.94
2023-04-12,2606164.24,4091.95
2023-04-13,2656087.63,4146.22
2023-04-14,2658064.85,4137.64
2023-04-17,2659460.56,4151.32
2023-04-18,2655084.51,4154.87
2023-04-19,2649887.91,4154.52
2023-04-20,2650641.02,4129.79
2023-04-21,2657810.24,4133.52
2023-04-24,2651715.82,4137.04
2023-04-25,2607839.17,4071.63
2023-04-26,2618857.80,4055.99
2023-04-27,2680592.93,4135.35
2023-04-28,2688152.84,4169.48
2023-05-01,2676936.30,4167.87
2023-05-02,2655560.34,4119.58
2023-05-03,2647955.70,4090.75
2023-05-04,2638714.67,4061.22
2023-05-05,2680513.48,4136.25
2023-05-08,2688626.09,4138.12
2023-05-09,2676868.13,4119.17
2023-05-10,2704119.31,4137.64
2023-05-11,2715878.13,4130.62
2023-05-12,2705706.92,4124.08
2023-05-15,2715020.90,4136.28
2023-05-16,2718104.87,4109.90
2023-05-17,2754039.54,4158.77
2023-05-18,2778337.98,4198.05
2023-05-19,2769104.07,4191.98
2023-05-22,2774309.03,4192.63
2023-05-23,2727202.99,4145.58
2023-05-24,2703483.79,4115.24
2023-05-25,2735084.76,4151.28
2023-05-26,2780671.14,4205.45
2023-05-29,2780671.14,NULL
2023-05-30,2772462.61,4205.52
2023-05-31,2753893.21,4179.83
2023-06-01,2785681.64,4221.02
2023-06-02,2820354.98,4282.37
2023-06-05,2818200.09,4273.79
2023-06-06,2830802.48,4283.85
2023-06-07,2792534.45,4267.52
2023-06-08,2810842.39,4293.93
2023-06-09,2805509.41,4298.86
2023-06-12,2830762.29,4338.93
2023-06-13,2844926.61,4369.01
2023-06-14,2853667.91,4372.59
2023-06-15,2891596.65,4425.84
2023-06-16,2870865.46,4409.59
2023-06-19,2870865.46,NULL
2023-06-20,2854495.29,4388.71
2023-06-21,2835110.78,4365.69
2023-06-22,2860582.98,4381.89
2023-06-23,2838626.05,4348.33
2023-06-26,2817585.45,4328.82
2023-06-27,2846214.73,4378.41
2023-06-28,2843673.15,4376.86
2023-06-29,2851504.55,4396.44
2023-06-30,2883278.14,4450.38
2023-07-03,2883646.91,4455.59
2023-07-04,2883646.91,NULL
2023-07-05,2880853.52,4446.82
2023-07-06,2857677.08,4411.59
2023-07-07,2854774.74,4398.95
2023-07-10,2846261.71,4409.53
2023-07-11,2862007.11,4439.26
2023-07-12,2895720.61,4472.16
2023-07-13,2941644.11,4510.04
2023-07-14,2941114.00,4505.42
2023-07-17,2941558.38,4522.79
2023-07-18,2951818.62,4554.98
2023-07-19,2943809.64,4565.72
2023-07-20,2912709.64,4534.87
2023-07-21,2918176.86,4536.34
2023-07-24,2935588.40,4554.64
2023-07-25,2939980.64,4567.46
2023-07-26,2948730.74,4566.75
2023-07-27,2934737.59,4537.41
2023-07-28,2919012.26,4582.23
2023-07-31,2921966.34,4588.96
2023-08-01,2907360.80,4576.73
2023-08-02,2858262.90,4513.39
2023-08-03,2856280.34,4501.89
2023-08-04,2862409.19,4478.03
2023-08-07,2909066.81,4518.44
2023-08-08,2888085.86,4499.38
2023-08-09,2863431.17,4467.71
2023-08-10,2874160.48,4468.83
2023-08-11,2865850.33,4464.05
2023-08-14,2878440.78,4489.72
2023-08-15,2841527.45,4437.86
2023-08-16,2820862.90,4404.33
2023-08-17,2812919.35,4370.36
2023-08-18,2802591.42,4369.71
2023-08-21,2816747.88,4399.77
2023-08-22,2813998.16,4387.55
2023-08-23,2847804.00,4436.01
2023-08-24,2807739.96,4376.31
2023-08-25,2825632.10,4405.71
2023-08-28,2839844.02,4433.31
2023-08-29,2879558.75,4497.63
2023-08-30,2888604.79,4514.87
2023-08-31,2882580.76,4507.66
2023-09-01,2887892.11,4515.77
2023-09-04,2887892.11,NULL
2023-09-05,2877155.33,4496.83
2023-09-06,2858606.98,4465.48
2023-09-07,2849355.39,4451.14
2023-09-08,2859178.15,4457.49
2023-09-11,2883480.87,4487.46
2023-09-12,2867264.99,4461.90
2023-09-13,2880859.41,4467.44
2023-09-14,2894751.96,4505.10
2023-09-15,2856412.59,4450.32
2023-09-18,2863558.30,4453.53
2023-09-19,2852501.02,4443.95
2023-09-20,2815539.94,4402.20
2023-09-21,2768432.01,4330.00
2023-09-22,2761642.26,4320.06
2023-09-25,2769923.15,4337.44
2023-09-26,2718218.12,4273.53
2023-09-27,2716063.36,4274.51
2023-09-28,2727301.50,4299.70
2023-09-29,2722642.06,4288.05
2023-10-02,2733585.84,4288.39
2023-10-03,2684755.00,4229.45
2023-10-04,2717926.30,4263.75
2023-10-05,2718780.69,4258.19
2023-10-06,2755066.79,4308.50
2023-10-09,2763329.78,4335.66
2023-10-10,2779919.34,4358.24
2023-10-11,2801850.38,4376.95
2023-10-12,2785414.75,4349.61
2023-10-13,2763049.66,4327.78
2023-10-16,2790849.73,4373.63
2023-10-17,2786813.75,4373.20
2023-10-18,2743279.35,4314.60
2023-10-19,2726881.59,4278.00
2023-10-20,2696017.52,4224.16
2023-10-23,2702030.07,4217.04
2023-10-24,2726975.33,4247.68
2023-10-25,2668257.64,4186.77
2023-10-26,2637524.03,4137.23
2023-10-27,2641901.44,4117.37
2023-10-30,2688885.58,4166.82
2023-10-31,2705831.36,4193.80
2023-11-01,2745324.05,4237.86
2023-11-02,2790595.03,4317.78
2023-11-03,2817970.66,4358.34
2023-11-06,2819718.26,4365.98
2023-11-07,2832314.65,4378.38
2023-11-08,2834452.65,4382.78
2023-11-09,2816754.68,4347.35
2023-11-10,2859219.39,4415.24
2023-11-13,2846312.28,4411.55
2023-11-14,2899062.73,4495.70
2023-11-15,2907476.13,4502.88
2023-11-16,2916841.08,4508.24
2023-11-17,2912182.86,4514.02
2023-11-20,2935638.09,4547.38
2023-11-21,2926640.86,4538.19
2023-11-22,2946810.28,4556.62
2023-11-23,2946810.28,NULL
2023-11-24,2972897.40,4559.34
2023-11-27,2969731.76,4550.43
2023-11-28,2966767.11,4554.89
2023-11-29,2960039.12,4550.58
2023-11-30,2936940.67,4567.80
2023-12-01,2941031.84,4594.63
2023-12-04,2919554.35,4569.78
2023-12-05,2931394.00,4567.18
2023-12-06,2911131.42,4549.34
2023-12-07,2943098.57,4585.59
2023-12-08,2942890.95,4604.37
2023-12-11,2940935.57,4622.44
2023-12-12,2957138.89,4643.70
2023-12-13,2984358.60,4707.09
2023-12-14,2979510.00,4719.55
2023-12-15,2987642.03,4719.19
2023-12-18,3008614.21,4740.56
2023-12-19,3018699.66,4768.37
2023-12-20,2986178.91,4698.35
2023-12-21,3020028.59,4746.75
2023-12-22,3020644.01,4754.63
2023-12-26,3030676.74,4774.75
2023-12-27,3028699.34,4781.58
2023-12-28,3031931.85,4783.35
2023-12-29,3025960.92,4769.83
2024-01-02,3000833.10,4742.83
2024-01-03,2993042.63,4704.81
2024-01-04,2968903.53,4688.68
2024-01-05,2972124.31,4697.24
2024-01-08,3016353.13,4763.54
2024-01-09,3019146.01,4756.50
2024-01-10,3042577.02,4783.45
2024-01-11,3037525.86,4780.24
2024-01-12,3042207.46,4783.83
2024-01-15,3042207.46,NULL
2024-01-16,3028488.63,4765.98
2024-01-17,3013235.30,4739.21
2024-01-18,3048679.21,4780.94
2024-01-19,3087177.69,4839.81
2024-01-22,3134885.56,4850.43
2024-01-23,3151650.41,4864.60
2024-01-24,3185139.54,4868.55
2024-01-25,3323041.62,4894.16
2024-01-26,3331019.75,4890.97
2024-01-29,3364389.09,4927.93
2024-01-30,3361090.51,4924.97
2024-01-31,3285910.11,4845.65
2024-02-01,3321740.49,4906.19
2024-02-02,3361122.96,4958.61
2024-02-05,3351989.32,4942.81
2024-02-06,3365735.48,4954.23
2024-02-07,3394919.83,4995.06
2024-02-08,3388131.65,4997.91
2024-02-09,3427046.68,5026.61
2024-02-12,3407192.58,5021.84
2024-02-13,3352379.09,4953.17
2024-02-14,3383892.49,5000.62
2024-02-15,3404553.83,5029.73
2024-02-16,3389006.03,5005.57
2024-02-19,3389006.03,NULL
2024-02-20,3373306.02,4975.51
2024-02-21,3387509.70,4981.80
2024-02-22,3453751.08,5087.03
2024-02-23,3448966.30,5088.80
2024-02-26,3422730.92,5069.53
2024-02-27,3425229.00,5078.18
2024-02-28,3421835.71,5069.76
2024-02-29,3439905.40,5096.27
2024-03-01,3455821.45,5137.08
2024-03-04,3290322.81,5130.95
2024-03-05,3243745.71,5078.65
2024-03-06,3256699.75,5104.76
2024-03-07,3293285.07,5157.36
2024-03-08,3273279.03,5123.69
2024-03-11,3266676.48,5117.94
2024-03-12,3305065.63,5175.27
2024-03-13,3301863.59,5165.31
2024-03-14,3308828.61,5150.48
2024-03-15,3275047.50,5117.09
2024-03-18,3301509.58,5149.42
2024-03-19,3314992.17,5178.51
2024-03-20,3350325.58,5224.62
2024-03-21,3347939.00,5241.53
2024-03-22,3339297.24,5234.18
2024-03-25,3325223.78,5218.19
2024-03-26,3324725.09,5203.58
2024-03-27,3499925.34,5248.49
2024-03-28,3502215.68,5254.35
2024-04-01,3512341.83,5243.77
2024-04-02,3482771.12,5205.81
2024-04-03,3484534.36,5211.49
2024-04-04,3440099.44,5147.21
2024-04-05,3474081.93,5204.34
2024-04-08,3483742.51,5202.39
2024-04-09,3500275.46,5209.91
2024-04-10,3467362.46,5160.64
2024-04-11,3501542.20,5199.06
2024-04-12,3454144.45,5123.41
2024-04-15,3402729.42,5061.82
2024-04-16,3395525.78,5051.41
2024-04-17,3367994.32,5022.21
2024-04-18,3349376.74,5011.12
2024-04-19,3320452.71,4967.23
2024-04-22,3347656.76,5010.60
2024-04-23,3386639.86,5070.55
2024-04-24,3390903.58,5071.63
2024-04-25,3367077.58,5048.42
2024-04-26,3434976.32,5099.96
2024-04-29,3433866.03,5116.17
2024-04-30,3356316.94,5035.69
2024-05-01,3369851.24,5018.39
2024-05-02,3413359.30,5064.20
2024-05-03,3456129.98,5127.79
2024-05-06,3487866.02,5180.74
2024-05-07,3491137.91,5187.70
2024-05-08,3484267.08,5187.67
2024-05-09,3509256.91,5214.08
2024-05-10,3511671.32,5222.68
2024-05-13,3515567.06,5221.42
2024-05-14,3520795.92,5246.68
2024-05-15,3557671.93,5308.15
2024-05-16,3552027.74,5297.10
2024-05-17,3567790.47,5303.27
2024-05-20,3565820.98,5308.13
2024-05-21,3570771.05,5321.41
2024-05-22,3554970.46,5307.01
2024-05-23,3516846.54,5267.84
2024-05-24,3534715.53,5304.72
2024-05-27,3534715.53,NULL
2024-05-28,3546637.13,5306.04
2024-05-29,3525943.55,5266.95
2024-05-30,3504419.13,5235.48
2024-05-31,3511342.32,5277.51
2024-06-03,3516812.27,5283.40
2024-06-04,3189369.26,5291.34
2024-06-05,3242977.98,5354.03
2024-06-06,3265275.73,5352.96
2024-06-07,4124383.14,5346.99
2024-06-10,4132180.56,5360.79
2024-06-11,4137690.51,5375.32
2024-06-12,4200553.99,5421.03
2024-06-13,4221755.90,5433.74
2024-06-14,4251470.36,5431.60
2024-06-17,4270987.25,5473.23
2024-06-18,4301904.83,5487.03
2024-06-19,4301904.83,NULL
2024-06-20,4266623.37,5473.17
2024-06-21,4248352.40,5464.62
2024-06-24,4439940.66,5447.87
2024-06-25,4522337.97,5469.30
2024-06-26,4546676.26,5477.90
2024-06-27,4538121.47,5482.87
2024-06-28,4501873.14,5460.48
2024-07-01,4545799.88,5475.09
2024-07-02,4585243.43,5509.01
2024-07-03,4645883.46,5537.02
2024-07-04,4645883.46,NULL
2024-07-05,4675694.00,5567.19
2024-07-08,4679812.53,5572.85
2024-07-09,4697342.49,5576.98
2024-07-10,4761374.57,5633.91
2024-07-11,4639870.95,5584.54
2024-07-12,4682314.42,5615.35
2024-07-15,4690010.84,5631.22
2024-07-16,4674557.28,5667.20
2024-07-17,4534837.64,5588.27
2024-07-18,4513023.64,5544.59
2024-07-19,4450162.82,5505.00
2024-07-22,4546507.70,5564.41
2024-07-23,4530046.37,5555.74
2024-07-24,4330536.61,5427.13
2024-07-25,4274850.38,5399.22
2024-07-26,4318453.96,5459.10
2024-07-29,4323084.32,5463.54
2024-07-30,4248690.53,5436.44
2024-07-31,4413344.62,5522.30
2024-08-01,4299040.92,5446.68
2024-08-02,4188549.50,5346.56
2024-08-05,4024823.80,5186.33
2024-08-06,4091361.56,5240.03
2024-08-07,4038466.63,5199.50
2024-08-08,4156467.96,5319.31
2024-08-09,4167706.75,5344.16
2024-08-12,4188973.80,5344.39
2024-08-13,4291720.64,5434.43
2024-08-14,4312154.96,5455.21
2024-08-15,4418312.32,5543.22
2024-08-16,4439411.22,5554.25
2024-08-19,4516853.11,5608.25
2024-08-20,4501427.52,5597.12
2024-08-21,4517205.18,5620.85
2024-08-22,4421700.21,5570.64
2024-08-23,4499396.83,5634.61
2024-08-26,4457386.89,5616.84
2024-08-27,4234415.05,5625.80
2024-08-28,4191621.05,5592.18
2024-08-29,4147506.25,5591.96
2024-08-30,4209681.66,5648.40
2024-09-02,4209681.66,NULL
2024-09-03,4059729.79,5528.93
2024-09-04,4035289.21,5520.07
2024-09-05,4035652.48,5503.41
2024-09-06,3924643.66,5408.42
2024-09-09,3978816.73,5471.05
2024-09-10,4021113.86,5495.52
2024-09-11,4132640.18,5554.13
2024-09-12,4175718.89,5595.76
2024-09-13,4174851.48,5626.02
2024-09-16,4151394.78,5633.09
2024-09-17,4162091.36,5634.58
2024-09-18,4128506.94,5618.26
2024-09-19,4229955.45,5713.64
2024-09-20,4193585.03,5702.55
2024-09-23,4211524.51,5718.57
2024-09-24,4232079.07,5732.93
2024-09-25,4242945.79,5722.26
2024-09-26,4263031.18,5745.37
2024-09-27,4247008.23,5738.17
2024-09-30,4256647.14,5762.48
2024-10-01,4191896.02,5708.75
2024-10-02,4197401.28,5709.54
2024-10-03,4209100.30,5699.94
2024-10-04,4260974.78,5751.07
2024-10-07,4212945.89,5695.94
2024-10-08,4284631.90,5751.13
2024-10-09,4300271.61,5792.04
2024-10-10,4315684.24,5780.05
2024-10-11,4314968.84,5815.03
2024-10-14,4366671.02,5859.85
2024-10-15,4270832.45,5815.26
2024-10-16,4296369.85,5842.47
2024-10-17,4307288.56,5841.47
2024-10-18,4332826.46,5864.67
2024-10-21,4366981.39,5853.98
2024-10-22,4373094.42,5851.20
2024-10-23,4302915.87,5797.42
2024-10-24,4312747.60,5809.86
2024-10-25,4332224.88,5808.12
2024-10-28,4334455.68,5823.52
2024-10-29,4370675.54,5832.92
2024-10-30,4368871.07,5813.67
2024-10-31,4241235.56,5705.45
2024-11-01,4298138.54,5728.80
2024-11-04,4282700.54,5712.69
2024-11-05,4339694.33,5782.76
2024-11-06,4474130.81,5929.04
2024-11-07,4528173.10,5973.10
2024-11-08,4504996.16,5995.54
2024-11-11,4494507.67,6001.35
2024-11-12,4530871.42,5983.99
2024-11-13,4533714.36,5985.38
2024-11-14,4531671.07,5949.17
2024-11-15,4422483.19,5870.62
2024-11-18,4427954.80,5893.62
2024-11-19,4494797.93,5916.98
2024-11-20,4466358.92,5917.11
2024-11-21,4456801.26,5948.71
2024-11-22,4427696.66,5969.34
2024-11-25,4418551.97,5987.37
2024-11-26,4449152.30,6021.63
2024-11-27,4428439.10,5998.74
2024-11-28,4428439.10,NULL
2024-11-29,4468941.39,6032.38
2024-12-02,4504990.82,6047.15
2024-12-03,4519199.92,6049.88
2024-12-04,4589915.61,6086.49
2024-12-05,4582061.37,6075.11
2024-12-06,4592581.28,6090.27
2024-12-09,4556052.31,6052.85
2024-12-10,4544196.47,6034.91
2024-12-11,4631814.33,6084.19
2024-12-12,4577706.61,6051.25
2024-12-13,4541006.74,6051.09
2024-12-16,4561183.51,6074.08
2024-12-17,4553193.20,6050.61
2024-12-18,4431964.16,5872.16
2024-12-19,4454011.78,5867.08
2024-12-20,4513606.61,5930.85
2024-12-23,4571349.96,5974.07
2024-12-24,4608253.19,6040.04
2024-12-26,4598900.98,6037.59
2024-12-27,4538436.42,5970.84
2024-12-30,4502782.45,5906.94
2024-12-31,4461566.01,5881.63
2025-01-02,4483826.37,5868.55
2025-01-03,4563529.60,5942.47
2025-01-06,4656372.97,5975.38
2025-01-07,4545560.30,5909.03
2025-01-08,4537362.53,5918.25
2025-01-09,4537362.53,NULL
2025-01-10,4455212.65,5827.04
2025-01-13,4418451.96,5836.22
2025-01-14,4417005.34,5842.91
2025-01-15,4518348.16,5949.91
2025-01-16,4499101.14,5937.34
2025-01-17,4574938.80,5996.66
2025-01-20,4574938.80,NULL
2025-01-21,4627711.03,6049.24
2025-01-22,4704207.41,6086.37
2025-01-23,4704042.45,6118.71
2025-01-24,4666384.88,6101.24
2025-01-27,4434033.78,6012.28
2025-01-28,4548358.82,6067.70
2025-01-29,4507584.15,6039.31
2025-01-30,4526296.04,6071.17
2025-01-31,4494468.07,6040.53
2025-02-03,4443689.54,5994.57
2025-02-04,4494298.84,6037.88
2025-02-05,4511738.16,6061.48
2025-02-06,4551563.61,6083.57
2025-02-07,4496071.24,6025.99
2025-02-10,4560756.94,6066.44
2025-02-11,4562724.42,6068.50
2025-02-12,4532825.86,6051.97
2025-02-13,4610182.71,6115.07
2025-02-14,4615023.77,6114.63
2025-02-17,4615023.77,NULL
2025-02-18,4618720.91,6129.58
2025-02-19,4607031.47,6144.15
2025-02-20,4594138.49,6117.52
2025-02-21,4491255.77,6013.13
2025-02-24,4465322.03,5983.25
2025-02-25,4421794.14,5955.25
2025-02-26,4453491.25,5956.06
2025-02-27,4316819.68,5861.57
2025-02-28,4408393.40,5954.50
2025-03-03,4267729.25,5849.72
2025-03-04,4263178.61,5778.15
2025-03-05,4327835.32,5842.63
2025-03-06,4219603.18,5738.52
2025-03-07,4244401.14,5770.20
2025-03-10,4104785.60,5614.56
2025-03-11,4101881.41,5572.07
2025-03-12,4180801.30,5599.30
2025-03-13,4122959.10,5521.52
2025-03-14,4238044.60,5638.94
2025-03-17,4242035.83,5675.12
2025-03-18,4182459.28,5614.66
2025-03-19,4235191.41,5675.29
2025-03-20,4240154.72,5662.89
2025-03-21,4225199.80,5667.56
2025-03-24,4314149.95,5767.57
2025-03-25,4333334.20,5776.65
2025-03-26,4233990.55,5712.20
2025-03-27,4211069.24,5693.31
2025-03-28,4103975.42,5580.94
2025-03-31,4099760.67,5611.85
2025-04-01,4132375.75,5633.07
2025-04-02,4155630.06,5670.97
2025-04-03,3943657.86,5396.52
2025-04-04,3724424.50,5074.08
2025-04-07,3751397.67,5062.25
2025-04-08,3695632.72,4982.77
2025-04-09,4129400.51,5456.90
2025-04-10,3974370.18,5268.05
2025-04-11,4070066.68,5363.36
2025-04-14,4080411.84,5405.97
2025-04-15,4090141.27,5396.63
2025-04-16,3935424.04,5275.70
2025-04-17,3906819.41,5282.70
2025-04-21,3791726.66,5158.20
2025-04-22,3893670.92,5287.76
2025-04-23,3990429.98,5375.86
2025-04-24,4090881.08,5484.77
2025-04-25,4150793.22,5525.21
2025-04-28,4125433.04,5528.75
2025-04-29,4146525.93,5560.83
2025-04-30,4142295.51,5569.06
2025-05-01,4207595.44,5604.14
2025-05-02,4281322.37,5686.67
2025-05-05,4229790.77,5650.38
2025-05-06,4214306.00,5606.91
2025-05-07,4239124.27,5631.28
2025-05-08,4267451.08,5663.94
2025-05-09,4258172.77,5659.91
2025-05-12,4419226.43,5844.19
2025-05-13,4495789.16,5886.55
2025-05-14,4551838.89,5892.58
2025-05-15,4540692.93,5916.93
2025-05-16,4565876.62,5958.38
2025-05-19,4575501.46,5963.60
2025-05-20,4544352.00,5940.46
2025-05-21,4494594.49,5844.61
2025-05-22,4511884.88,5842.01
2025-05-23,4465081.27,5802.82
2025-05-26,4465081.27,NULL
2025-05-27,4572846.39,5921.54
2025-05-28,4529864.90,5888.55
2025-05-29,4572609.96,5912.17
2025-05-30,4539797.55,5911.69
2025-06-02,4560743.53,5935.94
2025-06-03,4585479.95,5970.37
2025-06-04,4594155.39,5970.81
2025-06-05,4581875.03,5939.30
2025-06-06,4641040.72,6000.36
2025-06-09,4668793.86,6005.88
2025-06-10,4699489.70,6038.81
2025-06-11,4673721.70,6022.24
2025-06-12,4692113.88,6045.26
2025-06-13,4597976.22,5976.97
2025-06-16,4656361.96,6033.11
2025-06-17,4623760.72,5982.72
2025-06-18,4602159.16,5980.87
2025-06-19,4602159.16,NULL
2025-06-20,4562115.11,5967.84
2025-06-23,4591095.33,6025.17
2025-06-24,4676971.83,6092.18
2025-06-25,4724843.81,6092.16
2025-06-26,4747322.89,6141.02
2025-06-27,4800423.88,6173.07
2025-06-30,4810813.51,6204.95
2025-07-01,4774642.46,6198.01
2025-07-02,4804694.72,6227.42
2025-07-03,4858907.17,6279.35
2025-07-04,4858907.17,NULL
2025-07-07,4793133.71,6229.98
2025-07-08,4789848.41,6225.52
2025-07-09,4844442.67,6263.26
2025-07-10,4847508.89,6280.46
2025-07-11,4853292.01,6259.75
2025-07-14,4853882.33,6268.56
2025-07-15,4908084.31,6243.76
2025-07-16,4878069.42,6263.70
2025-07-17,4897411.04,6297.36
2025-07-18,4897043.05,6296.79
2025-07-21,4904250.97,6305.60
2025-07-22,4866637.02,6309.62
2025-07-23,4917791.93,6358.91
2025-07-24,4955589.05,6363.35
2025-07-25,4961165.99,6388.64
2025-07-28,4993773.73,6389.77
2025-07-29,4989042.55,6370.86
2025-07-30,5019672.90,6362.90
2025-07-31,5004313.86,6339.39
2025-08-01,4891793.40,6238.01
2025-08-04,4961801.36,6329.94
2025-08-05,4936938.22,6299.19
2025-08-06,4977704.67,6345.06
2025-08-07,4985143.52,6340.00
2025-08-08,5034655.18,6389.45
2025-08-11,5014284.11,6373.45
2025-08-12,5066829.79,6445.76
2025-08-13,5072915.01,6466.58
2025-08-14,5096358.12,6468.54
2025-08-15,5080175.99,6449.80
2025-08-18,5092376.04,6449.15
2025-08-19,5020570.72,6411.37
2025-08-20,5000174.65,6395.78
2025-08-21,4984066.68,6370.17
2025-08-22,5078081.76,6466.91
2025-08-25,5084368.13,6439.32
2025-08-26,5112388.91,6465.94
2025-08-27,5126692.67,6481.40
2025-08-28,5147435.08,6501.86
2025-08-29,5085525.65,6460.26
2025-09-01,5085525.65,NULL
2025-09-02,5017750.23,6415.54
2025-09-03,5085248.50,6448.26
2025-09-04,5145124.97,6502.08
2025-09-05,5093830.43,6481.50
2025-09-08,5111296.32,6495.15
2025-09-09,5156209.59,6512.61
2025-09-10,5154044.01,6532.04
2025-09-11,5186541.18,6587.47
2025-09-12,5193543.08,6584.29
2025-09-15,5265288.38,6615.28
2025-09-16,5250221.84,6606.76
2025-09-17,5214922.88,6600.35
2025-09-18,5294914.78,6631.96
2025-09-19,5335625.15,6664.36
2025-09-22,5397486.19,6693.75
2025-09-23,5325604.48,6656.92
2025-09-24,5290412.45,6637.97
2025-09-25,5277429.24,6604.72
2025-09-26,5298032.28,6643.70
2025-09-29,5340111.20,6661.21
2025-09-30,5367896.09,6688.46
2025-10-01,5392189.55,6711.20
2025-10-02,5420011.38,6715.35
2025-10-03,5405563.14,6715.79
2025-10-06,5422274.39,6740.28
2025-10-07,5386301.05,6714.59
2025-10-08,5412731.52,6753.72
2025-10-09,5424374.67,6735.11
2025-10-10,5228971.26,6552.51
2025-10-13,5339225.64,6654.72
2025-10-14,5276331.99,6644.31
2025-10-15,5292608.55,6671.06
2025-10-16,5132536.07,6629.07
2025-10-17,5168243.70,6664.01
2025-10-20,5204229.95,6735.13
2025-10-21,5187175.60,6735.35
2025-10-22,5158794.38,6699.40
2025-10-23,5201581.79,6738.44
2025-10-24,5273676.53,6791.69
2025-10-27,5373153.65,6875.16
2025-10-28,5444825.43,6890.89
2025-10-29,5507029.98,6890.59
2025-10-30,5459647.65,6822.34
2025-10-31,5482767.88,6840.20
2025-11-03,5544055.74,6851.97
2025-11-04,5444972.45,6771.55
2025-11-05,5432448.74,6796.29
2025-11-06,5338226.44,6720.32
2025-11-07,5327845.67,6728.80
2025-11-10,5476258.64,6832.43
2025-11-11,5433654.22,6846.61
2025-11-12,5428656.72,6850.92
2025-11-13,5325709.45,6737.49
2025-11-14,5326432.13,6734.11
2025-11-17,5303373.62,6672.41
2025-11-18,5199420.01,6617.32
2025-11-19,5277933.24,6642.16
2025-11-20,5163220.41,6538.76
2025-11-21,5183305.12,6602.99
2025-11-24,5301986.24,6705.12
2025-11-25,5310553.00,6765.88
2025-11-26,5354155.88,6812.61
2025-11-27,5354155.88,NULL
2025-11-28,5364339.42,6849.09
2025-12-01,5376062.11,6812.63
2025-12-02,5410059.01,6829.37
2025-12-03,5413481.70,6849.72
2025-12-04,5411657.47,6857.12
2025-12-05,5417306.19,6870.40
2025-12-08,5426918.54,6846.51
2025-12-09,5421644.30,6840.51
2025-12-10,5423688.23,6886.68
2025-12-11,5413064.19,6901.00
2025-12-12,5319708.71,6827.41
2025-12-15,5317408.57,6816.51
2025-12-16,5311618.30,6800.26
2025-12-17,5195445.49,6721.43
2025-12-18,5272452.87,6774.76
2025-12-19,5342872.16,6834.50
2025-12-22,5380090.50,6878.49
2025-12-23,5452075.91,6909.79
2025-12-24,5456481.68,6932.05
2025-12-26,5470396.16,6929.94
2025-12-29,5446762.88,6905.74
2025-12-30,5445857.29,6896.24
2025-12-31,5417615.93,6845.50
2026-01-02,5451677.39,6858.47
2026-01-05,5504933.27,6902.05
2026-01-06,5532638.88,6944.82
2026-01-07,5566154.71,6920.93
2026-01-08,5530589.68,6921.46
2026-01-09,5590299.57,6966.28
2026-01-12,5592243.82,6977.27
2026-01-13,5568659.69,6963.74
2026-01-14,5508804.20,6926.60
2026-01-15,5568458.56,6944.47
2026-01-16,5568555.40,6940.01
2026-01-19,5568555.40,NULL
2026-01-20,5414979.31,6796.86
2026-01-21,5487532.36,6875.62
2026-01-22,5545148.70,6913.35
2026-01-23,5578056.18,6915.61
2026-01-26,5614049.97,6950.23
2026-01-27,5665597.00,6978.60
2026-01-28,5662412.41,6978.03
2026-01-29,5574776.54,6969.01
2026-01-30,5529794.04,6939.03
2026-02-02,5539304.19,6976.44
2026-02-03,5431824.09,6917.81
2026-02-04,5346188.70,6882.72
2026-02-05,5280207.44,6798.40
2026-02-06,5395123.91,6932.30
2026-02-09,5435382.90,6964.82
2026-02-10,5406588.13,6941.81
2026-02-11,5397070.34,6941.47
2026-02-12,5316991.88,6832.76
2026-02-13,5259901.33,6836.17
2026-02-16,5259901.33,NULL
2026-02-17,5284240.93,6843.22
2026-02-18,5355211.08,6881.31
2026-02-19,5334774.29,6861.89
2026-02-20,5404924.47,6909.51
2026-02-23,5364551.32,6837.75
2026-02-24,5404764.06,6890.07
2026-02-25,5474493.75,6946.13
2026-02-26,5347396.77,6908.86
2026-02-27,5289057.37,6878.88
2026-03-02,5276544.78,6881.62
2026-03-03,5222427.40,6816.63
2026-03-04,5293922.15,6869.50
2026-03-05,5292086.24,6830.71
2026-03-06,5178706.44,6740.02
2026-03-09,5270059.06,6795.99
2026-03-10,5294570.25,6781.48
2026-03-11,5297882.01,6775.80
2026-03-12,5218906.53,6672.62
2026-03-13,5170005.01,6632.19
2026-03-16,5242845.04,6699.38
2026-03-17,5260414.24,6716.09
2026-03-18,5174271.38,6624.70
2026-03-19,5152957.86,6606.49
2026-03-20,5044657.79,6506.48
2026-03-23,5119930.86,6581.00
2026-03-24,5080910.73,6556.37
2026-03-25,5112609.42,6591.90
2026-03-26,4979222.88,6477.16
2026-03-27,4860420.11,6368.85
2026-03-30,4830914.74,6343.72
2026-03-31,5023325.48,6528.52
2026-04-01,5881664.33,6575.32
2026-04-02,5871306.01,6582.69
2026-04-06,5892159.45,6611.83
2026-04-07,5916044.09,6616.85
2026-04-08,6115405.06,6782.81
2026-04-09,6180694.51,6824.66
2026-04-10,6236144.15,6816.89
2026-04-13,6297461.31,6886.24
2026-04-14,6453737.75,6967.38
2026-04-15,6491476.23,7022.95
2026-04-16,6439858.63,7041.28
2026-04-17,6541648.30,7126.06
2026-04-20,6526786.91,7109.14
2026-04-21,6484070.96,7064.01
2026-04-22,6576375.69,7137.90
2026-04-23,6504238.17,7108.40
2026-04-24,6685866.27,7165.08
2026-04-27,6770516.51,7173.91
2026-04-28,6694569.90,7138.80
2026-04-29,6691170.74,7135.95
2026-04-30,6699004.09,7209.01
2026-05-01,6710711.44,7230.12
2026-05-04,6687256.82,7200.75
2026-05-05,6700192.96,7259.22
2026-05-06,6940198.77,7365.12
2026-05-07,6962062.92,7337.11
2026-05-08,7040356.06,7398.93
2026-05-11,7020151.20,7413.79
2026-05-13,7730399.01,NULL
2026-05-14,7851976.07,7509.39

(2494 rows affected)
